id;rol;comuna;destino;ah;valor_m2_clp;rango_sup;avaluo_total_clp;lat;lon
"2";"159-1";"SANTIAGO";"OFICINA";"CMM013";"3005620";"200 - 2.350";"20209903113";"-33.43812";"-70.65322"
"3";"1005-4";"SANTIAGO";"COMERCIO";"XMA036";"0";"";"37906119";"-33.440896";"-70.638613"
"4";"107-254";"SANTIAGO";"COMERCIO";"CMA065";"0";"";"6338924439";"-33.440812";"-70.654431"
"5";"3240-1";"";"";"";"0";"";"0";"";""
"6";"7188-1";"";"";"";"0";"";"0";"";""
"7";"36-10";"SANTIAGO";"ADM. PUBLICA Y DEFENSA";"CMA064";"2173177";"400 - 2.400";"49827249693";"-33.442715";"-70.655051"
"8";"3963-7";"";"";"";"0";"";"0";"";""
"9";"176-3";"SANTIAGO";"ESTACIONAMIENTO";"XMM011";"2193715";"120 - 870";"2141857663";"-33.436502";"-70.646462"
"10";"5835-1";"";"";"";"0";"";"0";"";""
"11";"5444-7";"";"";"";"0";"";"0";"";""
"12";"35-58";"SANTIAGO";"ADM. PUBLICA Y DEFENSA";"CMA064";"2173177";"400 - 2.400";"8983534786";"-33.443704";"-70.654763"
"13";"1230-8";"";"";"";"0";"";"0";"";""
"14";"35-32";"SANTIAGO";"OFICINA";"CMA064";"0";"";"829304855";"-33.444126";"-70.654663"
"15";"42-50";"SANTIAGO";"OFICINA";"XMM018";"2300695";"290 - 3.700";"2222439716";"-33.443325";"-70.656344"
"16";"6020-2";"";"";"";"0";"";"0";"";""
"17";"276-1";"SANTIAGO";"EDUCACION Y CULTURA";"CMM007";"2750404";"500 - 3.300";"25947914739";"-33.431498";"-70.657147"
"18";"35-58";"SANTIAGO";"ADM. PUBLICA Y DEFENSA";"CMA064";"2173177";"400 - 2.400";"8983534786";"-33.443704";"-70.654763"
"19";"3513-3";"";"";"";"0";"";"0";"";""
"20";"109-745";"SANTIAGO";"OFICINA";"CMA065";"0";"";"402810900";"-33.440289";"-70.656085"
"21";"151-11";"";"";"";"0";"";"0";"";""
"22";"1382-2";"";"";"";"0";"";"0";"";""
"23";"536-15";"";"";"";"0";"";"0";"";""
"24";"154-97";"SANTIAGO";"OFICINA";"CMA015";"0";"";"835920704";"-33.437873";"-70.648208"
"25";"676-2";"";"";"";"0";"";"0";"";""
"26";"2523-12";"";"";"";"0";"";"0";"";""
"27";"362-159";"";"";"";"0";"";"0";"";""
"28";"6434-14";"";"";"";"0";"";"0";"";""
"29";"541-33";"";"";"";"0";"";"0";"";""
"30";"3193-11";"";"";"";"0";"";"0";"";""
"31";"546-1";"";"";"";"0";"";"0";"";""
"32";"3519-18";"";"";"";"0";"";"0";"";""
"33";"84-1";"SANTIAGO";"OFICINA";"CMA064";"2173177";"400 - 2.400";"25345691536";"-33.442031";"-70.655137"
"34";"2516-39";"";"";"";"0";"";"0";"";""
"35";"2214-4";"";"";"";"0";"";"0";"";""
"36";"603-1";"";"";"";"0";"";"0";"";""
"37";"5004-224";"";"";"";"0";"";"0";"";""
"38";"177-2";"";"";"";"0";"";"0";"";""
"39";"177-3";"";"";"";"0";"";"0";"";""
"40";"4031-81";"";"";"";"0";"";"0";"";""
"41";"197-20";"";"";"";"0";"";"0";"";""
"42";"1352-23";"";"";"";"0";"";"0";"";""
"43";"145-23";"CHILLÁN";"COMERCIO";"XMB091";"0";"";"109973379";"-36.609394";"-72.105449"
"44";"64-24";"CHILLÁN";"OFICINA";"HMB011";"156630";"100 - 500";"36323706";"-36.603388";"-72.105927"
"45";"104-12";"";"";"";"0";"";"0";"";""
"46";"3812-1";"";"";"";"0";"";"0";"";""
"47";"5110-1";"";"";"";"0";"";"0";"";""
"48";"1010-3";"";"";"";"0";"";"0";"";""
"49";"2150-1";"";"";"";"0";"";"0";"";""
"50";"12681-1";"";"";"";"0";"";"0";"";""
"51";"334-910";"";"";"";"0";"";"0";"";""
"52";"2360-14";"";"";"";"0";"";"0";"";""
"53";"2282-29";"";"";"";"0";"";"0";"";""
"54";"708-1";"";"";"";"0";"";"0";"";""
"55";"1107-1";"";"";"";"0";"";"0";"";""
"56";"2466-461";"";"";"";"0";"";"0";"";""
"57";"6003-1";"";"";"";"0";"";"0";"";""
"58";"4303-6";"";"";"";"0";"";"0";"";""
"59";"8295-1";"";"";"";"0";"";"0";"";""
"60";"2360-9";"";"";"";"0";"";"0";"";""
"61";"17-1";"ISLA DE PASCUA";"HABITACIONAL";"HMB004";"14109";"480 - 10.000";"109285563";"";""
"62";"3110-5";"";"";"";"0";"";"0";"";""
"63";"1319-1";"";"";"";"0";"";"0";"";""
"64";"783-2";"";"";"";"0";"";"0";"";""
"65";"1502-593";"";"";"";"0";"";"0";"";""
"66";"2380-22";"";"";"";"0";"";"0";"";""
"67";"2045-1";"";"";"";"0";"";"0";"";""
"68";"1223-18";"";"";"";"0";"";"0";"";""
"69";"6815-8";"";"";"";"0";"";"0";"";""
"70";"6114-9";"";"";"";"0";"";"0";"";""
"71";"1001-43";"";"";"";"0";"";"0";"";""
"72";"39-8";"ISLA DE PASCUA";"HABITACIONAL";"HMB004";"14109";"480 - 10.000";"21141338";"";""
"73";"2284-16";"";"";"";"0";"";"0";"";""
"74";"2469-954";"";"";"";"0";"";"0";"";""
"75";"35-21";"";"";"";"0";"";"0";"";""
"76";"663-25";"";"";"";"0";"";"0";"";""
"77";"8157-1";"";"";"";"0";"";"0";"";""
"78";"366-15";"";"";"";"0";"";"0";"";""
"79";"93-2";"";"";"";"0";"";"0";"";""
"80";"8103-38";"";"";"";"0";"";"0";"";""
"82";"143-1";"CHILLÁN";"HABITACIONAL";"XMB005";"172347";"110 - 770";"34925706";"-36.60759";"-72.109324"
"83";"177-5";"";"";"";"0";"";"0";"";""
"84";"2823-24";"";"";"";"0";"";"0";"";""
"85";"2360-8";"";"";"";"0";"";"0";"";""
"86";"615-1";"";"";"";"0";"";"0";"";""
"87";"335-34";"";"";"";"0";"";"0";"";""
"88";"1530-1";"";"";"";"0";"";"0";"";""
"89";"229-8";"";"";"";"0";"";"0";"";""
"90";"1099-9";"";"";"";"0";"";"0";"";""
"91";"213-3";"";"";"";"0";"";"0";"";""
"92";"73-1";"";"";"";"0";"";"0";"";""
"93";"670-264";"";"";"";"0";"";"0";"";""
"95";"1571-3";"";"";"";"0";"";"0";"";""
"96";"5396-2";"";"";"";"0";"";"0";"";""
"97";"2576-1";"";"";"";"0";"";"0";"";""
"98";"6403-1";"";"";"";"0";"";"0";"";""
"99";"710-33";"";"";"";"0";"";"0";"";""
"100";"3930-2";"";"";"";"0";"";"0";"";""
"101";"4065-10";"";"";"";"0";"";"0";"";""
"102";"793-11";"";"";"";"0";"";"0";"";""
"103";"1012-256";"";"";"";"0";"";"0";"";""
"104";"1101-2";"";"";"";"0";"";"0";"";""
"105";"5513-187";"";"";"";"0";"";"0";"";""
"106";"356-1";"";"";"";"0";"";"0";"";""
"107";"4246-26";"";"";"";"0";"";"0";"";""
"108";"1079-2";"";"";"";"0";"";"0";"";""
"109";"963-5";"";"";"";"0";"";"0";"";""
"110";"12292-76";"";"";"";"0";"";"0";"";""
"111";"5082-9";"";"";"";"0";"";"0";"";""
"112";"1233-188";"";"";"";"0";"";"0";"";""
"113";"5843-1";"";"";"";"0";"";"0";"";""
"114";"3095-91";"";"";"";"0";"";"0";"";""
"115";"838-905";"";"";"";"0";"";"0";"";""
"116";"5271-1";"";"";"";"0";"";"0";"";""
"117";"4705-11";"";"";"";"0";"";"0";"";""
"118";"53-24";"";"";"";"0";"";"0";"";""
"119";"201-7";"";"";"";"0";"";"0";"";""
"120";"8163-1";"";"";"";"0";"";"0";"";""
"121";"5307-8";"";"";"";"0";"";"0";"";""
"122";"5274-20";"";"";"";"0";"";"0";"";""
"123";"15180-223";"";"";"";"0";"";"0";"";""
"124";"4818-1";"";"";"";"0";"";"0";"";""
"125";"438-88";"";"";"";"0";"";"0";"";""
"126";"751-43";"";"";"";"0";"";"0";"";""
"127";"317-22";"";"";"";"0";"";"0";"";""
"128";"5238-1";"";"";"";"0";"";"0";"";""
"129";"5443-13";"";"";"";"0";"";"0";"";""
"130";"1210-7";"";"";"";"0";"";"0";"";""
"131";"109-736";"";"";"";"0";"";"0";"";""
"132";"109-744";"";"";"";"0";"";"0";"";""
"133";"109-737";"";"";"";"0";"";"0";"";""
"134";"2835-9";"";"";"";"0";"";"0";"";""
"135";"213-1";"";"";"";"0";"";"0";"";""
"136";"5217-1";"";"";"";"0";"";"0";"";""
"138";"5273-2";"";"";"";"0";"";"0";"";""
"139";"5432-36";"";"";"";"0";"";"0";"";""
"140";"5639-3";"";"";"";"0";"";"0";"";""
"141";"1830-4";"";"";"";"0";"";"0";"";""
"142";"2707-21";"";"";"";"0";"";"0";"";""
"143";"7043-1";"";"";"";"0";"";"0";"";""
"144";"6687-465";"";"";"";"0";"";"0";"";""
"145";"265-2";"";"";"";"0";"";"0";"";""
"146";"3924-10";"";"";"";"0";"";"0";"";""
"147";"759-7";"";"";"";"0";"";"0";"";""
"148";"6289-1";"";"";"";"0";"";"0";"";""
"149";"5580-4";"";"";"";"0";"";"0";"";""
"150";"3215-35";"";"";"";"0";"";"0";"";""
"151";"3415-1";"";"";"";"0";"";"0";"";""
"152";"9076-7";"";"";"";"0";"";"0";"";""
"153";"905-6";"";"";"";"0";"";"0";"";""
"154";"3600-31";"";"";"";"0";"";"0";"";""
"155";"3013-24";"";"";"";"0";"";"0";"";""
"156";"1808-143";"";"";"";"0";"";"0";"";""
"157";"1866-1";"";"";"";"0";"";"0";"";""
"158";"3622-25";"";"";"";"0";"";"0";"";""
"159";"6623-14";"";"";"";"0";"";"0";"";""
"160";"1613-8";"";"";"";"0";"";"0";"";""
"161";"383-6";"";"";"";"0";"";"0";"";""
"162";"109-726";"";"";"";"0";"";"0";"";""
"163";"4618-15";"";"";"";"0";"";"0";"";""
"164";"383-7";"";"";"";"0";"";"0";"";""
"165";"57-11";"";"";"";"0";"";"0";"";""
"166";"3069-36";"";"";"";"0";"";"0";"";""
"167";"796-56";"";"";"";"0";"";"0";"";""
"168";"5669-13";"";"";"";"0";"";"0";"";""
"169";"2376-7";"";"";"";"0";"";"0";"";""
"170";"2793-14";"";"";"";"0";"";"0";"";""
"171";"3763-1";"";"";"";"0";"";"0";"";""
"172";"7188-2";"";"";"";"0";"";"0";"";""
"173";"1243-13";"";"";"";"0";"";"0";"";""
"174";"4989-12";"";"";"";"0";"";"0";"";""
"175";"5461-3";"";"";"";"0";"";"0";"";""
"176";"2437-5";"";"";"";"0";"";"0";"";""
"177";"1323-25";"";"";"";"0";"";"0";"";""
"178";"6406-54";"";"";"";"0";"";"0";"";""
"179";"80-3";"";"";"";"0";"";"0";"";""
"180";"6675-3";"";"";"";"0";"";"0";"";""
"181";"7810-29";"";"";"";"0";"";"0";"";""
"182";"15626-2";"";"";"";"0";"";"0";"";""
"183";"2530-8";"";"";"";"0";"";"0";"";""
"184";"5118-2";"";"";"";"0";"";"0";"";""
"185";"5249-1";"";"";"";"0";"";"0";"";""
"186";"710-31";"";"";"";"0";"";"0";"";""
"187";"2838-4";"";"";"";"0";"";"0";"";""
"188";"3414-19";"";"";"";"0";"";"0";"";""
"189";"3049-45";"";"";"";"0";"";"0";"";""
"190";"1806-1";"";"";"";"0";"";"0";"";""
"191";"2001-1";"";"";"";"0";"";"0";"";""
"192";"541-34";"";"";"";"0";"";"0";"";""
"193";"90-3";"";"";"";"0";"";"0";"";""
"194";"3128-1";"";"";"";"0";"";"0";"";""
"195";"1189-1";"";"";"";"0";"";"0";"";""
"196";"2975-9";"";"";"";"0";"";"0";"";""
"197";"1869-4";"";"";"";"0";"";"0";"";""
"198";"3046-181";"";"";"";"0";"";"0";"";""
"199";"9108-29";"";"";"";"0";"";"0";"";""
"200";"2522-89";"";"";"";"0";"";"0";"";""
"201";"478-70";"";"";"";"0";"";"0";"";""
"202";"35-12";"";"";"";"0";"";"0";"";""
"203";"2324-32";"";"";"";"0";"";"0";"";""
"204";"699-288";"";"";"";"0";"";"0";"";""
"205";"3356-3";"";"";"";"0";"";"0";"";""
"206";"9714-25";"";"";"";"0";"";"0";"";""
"207";"1303-49";"";"";"";"0";"";"0";"";""
"208";"3019-25";"";"";"";"0";"";"0";"";""
"209";"157-9";"";"";"";"0";"";"0";"";""
"210";"2301-33";"";"";"";"0";"";"0";"";""
"211";"4618-34";"";"";"";"0";"";"0";"";""
"212";"14-27";"";"";"";"0";"";"0";"";""
"213";"3610-17";"";"";"";"0";"";"0";"";""
"214";"3263-1";"";"";"";"0";"";"0";"";""
"215";"904-19";"";"";"";"0";"";"0";"";""
"216";"3514-46";"";"";"";"0";"";"0";"";""
"217";"5194-2";"";"";"";"0";"";"0";"";""
"218";"4082-2";"";"";"";"0";"";"0";"";""
"219";"1117-15";"";"";"";"0";"";"0";"";""
"220";"5510-439";"";"";"";"0";"";"0";"";""
"221";"2434-36";"";"";"";"0";"";"0";"";""
"222";"216-3";"";"";"";"0";"";"0";"";""
"223";"984-27";"";"";"";"0";"";"0";"";""
"224";"435-39";"";"";"";"0";"";"0";"";""
"225";"5011-1";"";"";"";"0";"";"0";"";""
"226";"5723-1";"";"";"";"0";"";"0";"";""
"227";"163-31";"";"";"";"0";"";"0";"";""
"228";"54-14";"";"";"";"0";"";"0";"";""
"229";"1338-4";"";"";"";"0";"";"0";"";""
"230";"661-21";"";"";"";"0";"";"0";"";""
"231";"2596-58";"";"";"";"0";"";"0";"";""
"232";"3335-15";"";"";"";"0";"";"0";"";""
"233";"698-94";"";"";"";"0";"";"0";"";""
"234";"1396-1";"";"";"";"0";"";"0";"";""
"235";"607-68";"";"";"";"0";"";"0";"";""
"236";"383-2";"";"";"";"0";"";"0";"";""
"237";"516-1";"";"";"";"0";"";"0";"";""
"238";"116-21";"";"";"";"0";"";"0";"";""
"239";"212-3";"";"";"";"0";"";"0";"";""
"240";"213-3";"";"";"";"0";"";"0";"";""
"241";"212-4";"";"";"";"0";"";"0";"";""
"242";"3534-5";"";"";"";"0";"";"0";"";""
"243";"2559-13";"";"";"";"0";"";"0";"";""
"244";"4636-1";"";"";"";"0";"";"0";"";""
"245";"12680-1";"";"";"";"0";"";"0";"";""
"246";"1590-3";"";"";"";"0";"";"0";"";""
"247";"13062-2";"";"";"";"0";"";"0";"";""
"248";"2752-1";"";"";"";"0";"";"0";"";""
"249";"137-71";"";"";"";"0";"";"0";"";""
"250";"321-145";"";"";"";"0";"";"0";"";""
"251";"1176-19";"";"";"";"0";"";"0";"";""
"252";"558-1";"";"";"";"0";"";"0";"";""
"253";"927-13";"";"";"";"0";"";"0";"";""
"254";"5260-3";"";"";"";"0";"";"0";"";""
"255";"14948-17";"";"";"";"0";"";"0";"";""
"256";"249-31";"";"";"";"0";"";"0";"";""
"257";"12016-1";"";"";"";"0";"";"0";"";""
"258";"190-10";"";"";"";"0";"";"0";"";""
"259";"1590-3";"";"";"";"0";"";"0";"";""
"260";"2833-2";"";"";"";"0";"";"0";"";""
"261";"1300-10";"";"";"";"0";"";"0";"";""
"262";"201-46";"";"";"";"0";"";"0";"";""
"263";"3040-81";"";"";"";"0";"";"0";"";""
"264";"5153-23";"";"";"";"0";"";"0";"";""
"265";"826-1";"";"";"";"0";"";"0";"";""
"266";"3416-20";"";"";"";"0";"";"0";"";""
"267";"915-14";"";"";"";"0";"";"0";"";""
"268";"1013-1";"";"";"";"0";"";"0";"";""
"269";"1310-2";"";"";"";"0";"";"0";"";""
"270";"1590-3";"";"";"";"0";"";"0";"";""
"271";"3613-107";"";"";"";"0";"";"0";"";""
"272";"3504-15";"";"";"";"0";"";"0";"";""
"273";"2984-3";"";"";"";"0";"";"0";"";""
"274";"6308-5";"";"";"";"0";"";"0";"";""
"275";"223-81";"";"";"";"0";"";"0";"";""
"276";"651-23";"";"";"";"0";"";"0";"";""
"277";"3220-227";"";"";"";"0";"";"0";"";""
"278";"6407-203";"";"";"";"0";"";"0";"";""
"279";"109-726";"";"";"";"0";"";"0";"";""
"280";"17-68";"";"";"";"0";"";"0";"";""
"281";"2709-17";"";"";"";"0";"";"0";"";""
"282";"126-373";"";"";"";"0";"";"0";"";""
"283";"105-4";"";"";"";"0";"";"0";"";""
"284";"648-90";"";"";"";"0";"";"0";"";""
"285";"2148-23";"";"";"";"0";"";"0";"";""
"286";"27957-25";"";"";"";"0";"";"0";"";""
"287";"9369-6";"";"";"";"0";"";"0";"";""
"288";"2031-2";"";"";"";"0";"";"0";"";""
"289";"291-44";"";"";"";"0";"";"0";"";""
"290";"5581-6";"";"";"";"0";"";"0";"";""
"291";"4755-45";"";"";"";"0";"";"0";"";""
"292";"79-6";"";"";"";"0";"";"0";"";""
"294";"87-94";"";"";"";"0";"";"0";"";""
"295";"35-9";"";"";"";"0";"";"0";"";""
"296";"210-58";"";"";"";"0";"";"0";"";""
"297";"227-146";"";"";"";"0";"";"0";"";""
"298";"14-16";"";"";"";"0";"";"0";"";""
"299";"1194-13";"";"";"";"0";"";"0";"";""
"300";"159-14";"";"";"";"0";"";"0";"";""
"301";"401-92";"";"";"";"0";"";"0";"";""
"302";"917-11";"";"";"";"0";"";"0";"";""
"304";"5281-12";"";"";"";"0";"";"0";"";""
"305";"601-13";"";"";"";"0";"";"0";"";""
"306";"1414-23";"";"";"";"0";"";"0";"";""
"307";"7018-13";"";"";"";"0";"";"0";"";""
"308";"917-9";"";"";"";"0";"";"0";"";""
"309";"54-70";"";"";"";"0";"";"0";"";""
"310";"593-5";"";"";"";"0";"";"0";"";""
"311";"3066-15";"";"";"";"0";"";"0";"";""
"312";"608-22";"";"";"";"0";"";"0";"";""
"313";"7329-31";"";"";"";"0";"";"0";"";""
"314";"2065-33";"";"";"";"0";"";"0";"";""
"315";"283-16";"";"";"";"0";"";"0";"";""
"316";"2571-13";"";"";"";"0";"";"0";"";""
"317";"74-81";"";"";"";"0";"";"0";"";""
"318";"3500-22";"";"";"";"0";"";"0";"";""
"319";"3752-7";"";"";"";"0";"";"0";"";""
"320";"4564-20";"";"";"";"0";"";"0";"";""
"321";"3140-6";"";"";"";"0";"";"0";"";""
"322";"6133-217";"";"";"";"0";"";"0";"";""
"323";"4659-812";"";"";"";"0";"";"0";"";""
"324";"3159-5";"";"";"";"0";"";"0";"";""
"325";"1506-1";"";"";"";"0";"";"0";"";""
"326";"1089-1";"";"";"";"0";"";"0";"";""
"327";"775-2";"";"";"";"0";"";"0";"";""
"328";"2292-25";"";"";"";"0";"";"0";"";""
"329";"1050-122";"";"";"";"0";"";"0";"";""
"330";"90-6";"";"";"";"0";"";"0";"";""
"331";"3088-1";"";"";"";"0";"";"0";"";""
"332";"1001-13";"";"";"";"0";"";"0";"";""
"333";"2130-1";"";"";"";"0";"";"0";"";""
"334";"2223-21";"";"";"";"0";"";"0";"";""
"335";"218-66";"";"";"";"0";"";"0";"";""
"336";"2462-440";"";"";"";"0";"";"0";"";""
"337";"2466-462";"";"";"";"0";"";"0";"";""
"338";"8071-1";"";"";"";"0";"";"0";"";""
"339";"5160-338";"";"";"";"0";"";"0";"";""
"340";"9041-4";"";"";"";"0";"";"0";"";""
"341";"313-957";"";"";"";"0";"";"0";"";""
"342";"1239-1";"";"";"";"0";"";"0";"";""
"343";"2823-16";"";"";"";"0";"";"0";"";""
"344";"6217-4";"";"";"";"0";"";"0";"";""
"345";"3032-1";"";"";"";"0";"";"0";"";""
"346";"1112-149";"";"";"";"0";"";"0";"";""
"347";"2467-466";"";"";"";"0";"";"0";"";""
"348";"5117-3";"";"";"";"0";"";"0";"";""
"349";"39-22";"";"";"";"0";"";"0";"";""
"350";"7097-25";"";"";"";"0";"";"0";"";""
"351";"9300-560";"";"";"";"0";"";"0";"";""
"352";"2469-666";"";"";"";"0";"";"0";"";""
"354";"8501-17";"";"";"";"0";"";"0";"";""
"355";"3721-198";"";"";"";"0";"";"0";"";""
"356";"3920-1";"";"";"";"0";"";"0";"";""
"357";"2272-8";"";"";"";"0";"";"0";"";""
"358";"123-104";"";"";"";"0";"";"0";"";""
"359";"2170-17";"";"";"";"0";"";"0";"";""
"360";"3456-19";"";"";"";"0";"";"0";"";""
"361";"59-10";"";"";"";"0";"";"0";"";""
"362";"1062-14";"";"";"";"0";"";"0";"";""
"363";"37-132";"";"";"";"0";"";"0";"";""
"364";"1822-35";"";"";"";"0";"";"0";"";""
"365";"429-20";"";"";"";"0";"";"0";"";""
"366";"609-20";"";"";"";"0";"";"0";"";""
"367";"2222-10";"";"";"";"0";"";"0";"";""
"368";"2476-452";"";"";"";"0";"";"0";"";""
"369";"9300-433";"";"";"";"0";"";"0";"";""
"370";"4324-1";"";"";"";"0";"";"0";"";""
"371";"2415-2";"";"";"";"0";"";"0";"";""
"372";"1220-25";"";"";"";"0";"";"0";"";""
"373";"3362-15";"";"";"";"0";"";"0";"";""
"374";"1177-11";"";"";"";"0";"";"0";"";""
"375";"203-60";"";"";"";"0";"";"0";"";""
"376";"4122-6";"";"";"";"0";"";"0";"";""
"377";"4522-5";"";"";"";"0";"";"0";"";""
"378";"9332-129";"";"";"";"0";"";"0";"";""
"379";"2222-8";"";"";"";"0";"";"0";"";""
"380";"801-407";"";"";"";"0";"";"0";"";""
"381";"550-25";"";"";"";"0";"";"0";"";""
"382";"29-15";"";"";"";"0";"";"0";"";""
"383";"416-11";"";"";"";"0";"";"0";"";""
"384";"8220-18";"";"";"";"0";"";"0";"";""
"385";"348-45";"";"";"";"0";"";"0";"";""
"386";"206-13";"";"";"";"0";"";"0";"";""
"387";"351-24";"";"";"";"0";"";"0";"";""
"388";"543-11";"";"";"";"0";"";"0";"";""
"389";"3353-29";"";"";"";"0";"";"0";"";""
"390";"3624-33";"";"";"";"0";"";"0";"";""
"391";"3624-35";"";"";"";"0";"";"0";"";""
"392";"8008-9";"";"";"";"0";"";"0";"";""
"393";"348-75";"";"";"";"0";"";"0";"";""
"394";"725-1";"";"";"";"0";"";"0";"";""
"395";"34-41";"";"";"";"0";"";"0";"";""
"396";"570-25";"";"";"";"0";"";"0";"";""
"397";"110-21";"";"";"";"0";"";"0";"";""
"398";"877-14";"";"";"";"0";"";"0";"";""
"399";"800-204";"";"";"";"0";"";"0";"";""
"400";"8018-28";"";"";"";"0";"";"0";"";""
"401";"70-2";"";"";"";"0";"";"0";"";""
"402";"244-29";"";"";"";"0";"";"0";"";""
"403";"3020-8";"";"";"";"0";"";"0";"";""
"404";"6056-45";"";"";"";"0";"";"0";"";""
"405";"927-13";"";"";"";"0";"";"0";"";""
"406";"165-41";"";"";"";"0";"";"0";"";""
"407";"177-3";"";"";"";"0";"";"0";"";""
"408";"2026-25";"";"";"";"0";"";"0";"";""
"409";"180-110";"";"";"";"0";"";"0";"";""
"410";"177-9";"";"";"";"0";"";"0";"";""
"411";"3272-20";"";"";"";"0";"";"0";"";""
"412";"1061-4";"";"";"";"0";"";"0";"";""
"413";"2006-13";"";"";"";"0";"";"0";"";""
"414";"177-255";"";"";"";"0";"";"0";"";""
"415";"2472-311";"";"";"";"0";"";"0";"";""
"416";"5131-1";"";"";"";"0";"";"0";"";""
"417";"1001-40";"";"";"";"0";"";"0";"";""
"421";"22-34";"";"";"";"0";"";"0";"";""
"422";"422-4";"";"";"";"0";"";"0";"";""
"423";"422-1";"";"";"";"0";"";"0";"";""
"424";"5146-27";"";"";"";"0";"";"0";"";""
"425";"646-207";"";"";"";"0";"";"0";"";""
"426";"2043-11";"";"";"";"0";"";"0";"";""
"427";"1018-8";"";"";"";"0";"";"0";"";""
"428";"144-92";"";"";"";"0";"";"0";"";""
"429";"346-43";"";"";"";"0";"";"0";"";""
"430";"8170-14";"";"";"";"0";"";"0";"";""
"431";"1827-9";"";"";"";"0";"";"0";"";""
"432";"59-2";"";"";"";"0";"";"0";"";""
"433";"1225-1";"";"";"";"0";"";"0";"";""
"434";"3223-18";"";"";"";"0";"";"0";"";""
"435";"1091-5";"";"";"";"0";"";"0";"";""
"436";"650-124";"";"";"";"0";"";"0";"";""
"437";"91-71";"";"";"";"0";"";"0";"";""
"438";"646-397";"";"";"";"0";"";"0";"";""
"439";"37-63";"";"";"";"0";"";"0";"";""
"440";"646-398";"";"";"";"0";"";"0";"";""
"441";"646-396";"";"";"";"0";"";"0";"";""
"443";"2023-66";"";"";"";"0";"";"0";"";""
"447";"16208-6";"";"";"";"0";"";"0";"";""
"448";"18070-18";"";"";"";"0";"";"0";"";""
"449";"5642-1";"";"";"";"0";"";"0";"";""
"450";"6070-33";"";"";"";"0";"";"0";"";""
"451";"6749-1";"";"";"";"0";"";"0";"";""
"452";"16660-2";"";"";"";"0";"";"0";"";""
"453";"15010-3";"";"";"";"0";"";"0";"";""
"454";"3540-192";"";"";"";"0";"";"0";"";""
"456";"8049-1";"";"";"";"0";"";"0";"";""
"457";"6147-6";"";"";"";"0";"";"0";"";""
"459";"1709-1";"";"";"";"0";"";"0";"";""
"460";"6070-34";"";"";"";"0";"";"0";"";""
"461";"3301-710";"";"";"";"0";"";"0";"";""
"462";"1240-43";"";"";"";"0";"";"0";"";""
"463";"1407-1";"";"";"";"0";"";"0";"";""
"464";"6070-37";"";"";"";"0";"";"0";"";""
"465";"16075-1";"";"";"";"0";"";"0";"";""
"467";"1436-2";"";"";"";"0";"";"0";"";""
"468";"2004-371";"";"";"";"0";"";"0";"";""
"469";"10001-13";"";"";"";"0";"";"0";"";""
"470";"301-504";"";"";"";"0";"";"0";"";""
"471";"301-507";"";"";"";"0";"";"0";"";""
"472";"151-1";"";"";"";"0";"";"0";"";""
"473";"301-502";"";"";"";"0";"";"0";"";""
"474";"7850-1";"";"";"";"0";"";"0";"";""
"475";"16052-4";"";"";"";"0";"";"0";"";""
"476";"16153-12";"";"";"";"0";"";"0";"";""
"477";"388-3";"";"";"";"0";"";"0";"";""
"478";"1014-22";"";"";"";"0";"";"0";"";""
"480";"25001-45";"";"";"";"0";"";"0";"";""
"481";"3560-95";"";"";"";"0";"";"0";"";""
"482";"44-19";"";"";"";"0";"";"0";"";""
"483";"7534-1";"";"";"";"0";"";"0";"";""
"484";"16042-5";"";"";"";"0";"";"0";"";""
"485";"4005-13";"";"";"";"0";"";"0";"";""
"486";"16045-1";"";"";"";"0";"";"0";"";""
"487";"1240-36";"";"";"";"0";"";"0";"";""
"489";"1008-2";"";"";"";"0";"";"0";"";""
"490";"16153-5";"";"";"";"0";"";"0";"";""
"491";"10001-14";"";"";"";"0";"";"0";"";""
"492";"452-1";"";"";"";"0";"";"0";"";""
"493";"615-1";"";"";"";"0";"";"0";"";""
"494";"16020-4";"";"";"";"0";"";"0";"";""
"495";"3301-714";"";"";"";"0";"";"0";"";""
"496";"3751-36";"";"";"";"0";"";"0";"";""
"497";"16042-6";"";"";"";"0";"";"0";"";""
"499";"5207-5";"";"";"";"0";"";"0";"";""
"501";"60-1";"";"";"";"0";"";"0";"";""
"502";"717-1";"";"";"";"0";"";"0";"";""
"503";"6053-1";"";"";"";"0";"";"0";"";""
"505";"84-4";"";"";"";"0";"";"0";"";""
"506";"1955-1";"";"";"";"0";"";"0";"";""
"509";"331-1";"";"";"";"0";"";"0";"";""
"512";"6038-2";"";"";"";"0";"";"0";"";""
"513";"6365-3";"";"";"";"0";"";"0";"";""
"514";"5207-2";"";"";"";"0";"";"0";"";""
"515";"6051-1";"";"";"";"0";"";"0";"";""
"516";"6410-1";"";"";"";"0";"";"0";"";""
"517";"32-12";"";"";"";"0";"";"0";"";""
"518";"442-2";"";"";"";"0";"";"0";"";""
"519";"373-2";"";"";"";"0";"";"0";"";""
"522";"1836-2";"";"";"";"0";"";"0";"";""
"523";"6365-2";"";"";"";"0";"";"0";"";""
"524";"1258-1";"";"";"";"0";"";"0";"";""
"525";"1001-2";"";"";"";"0";"";"0";"";""
"527";"6050-2";"";"";"";"0";"";"0";"";""
"529";"1240-34";"";"";"";"0";"";"0";"";""
"531";"6404-1";"";"";"";"0";"";"0";"";""
"532";"8000-3";"";"";"";"0";"";"0";"";""
"533";"6039-1";"";"";"";"0";"";"0";"";""
"534";"1316-1";"";"";"";"0";"";"0";"";""
"535";"551-1";"";"";"";"0";"";"0";"";""
"536";"5033-806";"";"";"";"0";"";"0";"";""
"537";"2477-1";"";"";"";"0";"";"0";"";""
"538";"3017-4";"";"";"";"0";"";"0";"";""
"539";"6420-2";"";"";"";"0";"";"0";"";""
"540";"3017-2";"";"";"";"0";"";"0";"";""
"541";"3016-1";"";"";"";"0";"";"0";"";""
"542";"3750-111";"";"";"";"0";"";"0";"";""
"543";"1951-9";"";"";"";"0";"";"0";"";""
"544";"1689-2";"";"";"";"0";"";"0";"";""
"545";"10000-12";"";"";"";"0";"";"0";"";""
"546";"6027-1";"";"";"";"0";"";"0";"";""
"547";"6026-1";"";"";"";"0";"";"0";"";""
"548";"301-5";"";"";"";"0";"";"0";"";""
"549";"1689-1";"";"";"";"0";"";"0";"";""
"550";"3750-1";"";"";"";"0";"";"0";"";""
"551";"3002-1";"";"";"";"0";"";"0";"";""
"552";"6050-3";"";"";"";"0";"";"0";"";""
"553";"6319-1";"";"";"";"0";"";"0";"";""
"554";"3452-7";"";"";"";"0";"";"0";"";""
"555";"6365-1";"";"";"";"0";"";"0";"";""
"556";"6054-1";"";"";"";"0";"";"0";"";""
"557";"369-17";"";"";"";"0";"";"0";"";""
"558";"8546-1";"";"";"";"0";"";"0";"";""
"559";"4101-5";"";"";"";"0";"";"0";"";""
"560";"3017-1";"";"";"";"0";"";"0";"";""
"561";"1160-1";"";"";"";"0";"";"0";"";""
"562";"3800-3";"";"";"";"0";"";"0";"";""
"563";"448-2";"";"";"";"0";"";"0";"";""
"564";"301-6";"";"";"";"0";"";"0";"";""
"565";"1479-1";"";"";"";"0";"";"0";"";""
"566";"16114-2";"";"";"";"0";"";"0";"";""
"567";"1730-10";"";"";"";"0";"";"0";"";""
"568";"2001-8";"";"";"";"0";"";"0";"";""
"570";"3760-355";"";"";"";"0";"";"0";"";""
"571";"6029-1";"";"";"";"0";"";"0";"";""
"572";"5320-1";"";"";"";"0";"";"0";"";""
"573";"4100-2";"";"";"";"0";"";"0";"";""
"574";"6367-1";"";"";"";"0";"";"0";"";""
"575";"1730-9";"";"";"";"0";"";"0";"";""
"576";"1790-5";"";"";"";"0";"";"0";"";""
"577";"3748-17";"";"";"";"0";"";"0";"";""
"578";"6101-8";"";"";"";"0";"";"0";"";""
"579";"5127-1";"";"";"";"0";"";"0";"";""
"580";"563-21";"";"";"";"0";"";"0";"";""
"581";"5128-4";"";"";"";"0";"";"0";"";""
"582";"6430-1";"";"";"";"0";"";"0";"";""
"583";"3301-716";"";"";"";"0";"";"0";"";""
"584";"1240-42";"";"";"";"0";"";"0";"";""
"585";"1000-21";"";"";"";"0";"";"0";"";""
"586";"6101-7";"";"";"";"0";"";"0";"";""
"587";"3301-713";"";"";"";"0";"";"0";"";""
"588";"248-1";"";"";"";"0";"";"0";"";""
"590";"448-6";"";"";"";"0";"";"0";"";""
"591";"3471-12";"";"";"";"0";"";"0";"";""
"592";"5712-9";"";"";"";"0";"";"0";"";""
"593";"1037-5";"";"";"";"0";"";"0";"";""
"594";"6033-1";"";"";"";"0";"";"0";"";""
"595";"6074-6";"";"";"";"0";"";"0";"";""
"596";"1240-27";"";"";"";"0";"";"0";"";""
"597";"6025-1";"";"";"";"0";"";"0";"";""
"598";"1037-4";"";"";"";"0";"";"0";"";""
"600";"6032-3";"";"";"";"0";"";"0";"";""
"601";"7472-1";"";"";"";"0";"";"0";"";""
"602";"3614-1";"";"";"";"0";"";"0";"";""
"603";"1527-13";"";"";"";"0";"";"0";"";""
"604";"147-23";"";"";"";"0";"";"0";"";""
"607";"16113-5";"";"";"";"0";"";"0";"";""
"608";"7470-1";"";"";"";"0";"";"0";"";""
"609";"7471-1";"";"";"";"0";"";"0";"";""
"611";"6330-3";"";"";"";"0";"";"0";"";""
"612";"504-4";"";"";"";"0";"";"0";"";""
"613";"3760-469";"";"";"";"0";"";"0";"";""
"614";"222-2";"";"";"";"0";"";"0";"";""
"615";"3463-19";"";"";"";"0";"";"0";"";""
"616";"5128-2";"";"";"";"0";"";"0";"";""
"618";"368-1";"";"";"";"0";"";"0";"";""
"619";"15201-1";"";"";"";"0";"";"0";"";""
"620";"3517-5";"";"";"";"0";"";"0";"";""
"621";"6335-1";"";"";"";"0";"";"0";"";""
"622";"615-2";"";"";"";"0";"";"0";"";""
"623";"6400-1";"";"";"";"0";"";"0";"";""
"624";"607-2";"";"";"";"0";"";"0";"";""
"625";"3017-3";"";"";"";"0";"";"0";"";""
"626";"1258-2";"";"";"";"0";"";"0";"";""
"627";"1003-1";"";"";"";"0";"";"0";"";""
"629";"5927-6";"";"";"";"0";"";"0";"";""
"630";"1730-2";"";"";"";"0";"";"0";"";""
"631";"454-7";"";"";"";"0";"";"0";"";""
"632";"847-12";"";"";"";"0";"";"0";"";""
"633";"222-6";"";"";"";"0";"";"0";"";""
"634";"6099-1";"";"";"";"0";"";"0";"";""
"635";"222-1";"";"";"";"0";"";"0";"";""
"636";"333-1";"";"";"";"0";"";"0";"";""
"637";"6319-2";"";"";"";"0";"";"0";"";""
"638";"1691-10";"";"";"";"0";"";"0";"";""
"639";"6309-5";"";"";"";"0";"";"0";"";""
"640";"5128-3";"";"";"";"0";"";"0";"";""
"641";"3751-238";"";"";"";"0";"";"0";"";""
"643";"6330-5";"";"";"";"0";"";"0";"";""
"644";"6322-8";"";"";"";"0";"";"0";"";""
"645";"15007-24";"";"";"";"0";"";"0";"";""
"646";"307-1";"";"";"";"0";"";"0";"";""
"647";"43-2";"";"";"";"0";"";"0";"";""
"648";"8001-6";"";"";"";"0";"";"0";"";""
"649";"6200-11";"";"";"";"0";"";"0";"";""
"650";"683-20";"";"";"";"0";"";"0";"";""
"651";"448-4";"";"";"";"0";"";"0";"";""
"652";"5010-14";"";"";"";"0";"";"0";"";""
"653";"887-30";"";"";"";"0";"";"0";"";""
"655";"6200-13";"";"";"";"0";"";"0";"";""
"656";"448-4";"";"";"";"0";"";"0";"";""
"657";"895-7";"";"";"";"0";"";"0";"";""
"658";"5128-5";"";"";"";"0";"";"0";"";""
"659";"6322-9";"";"";"";"0";"";"0";"";""
"660";"74-12";"";"";"";"0";"";"0";"";""
"664";"6302-3";"";"";"";"0";"";"0";"";""
"665";"43-5";"";"";"";"0";"";"0";"";""
"666";"6322-10";"";"";"";"0";"";"0";"";""
"668";"6036-1";"";"";"";"0";"";"0";"";""
"669";"10000-11";"";"";"";"0";"";"0";"";""
"670";"336-4";"";"";"";"0";"";"0";"";""
"671";"6019-15";"";"";"";"0";"";"0";"";""
"672";"6330-2";"";"";"";"0";"";"0";"";""
"673";"6309-4";"";"";"";"0";"";"0";"";""
"676";"6040-1";"";"";"";"0";"";"0";"";""
"677";"6309-1";"";"";"";"0";"";"0";"";""
"679";"6301-4";"";"";"";"0";"";"0";"";""
"680";"6026-2";"";"";"";"0";"";"0";"";""
"681";"6041-1";"";"";"";"0";"";"0";"";""
"690";"1-14532";"";"";"";"0";"";"0";"";""
"691";"3524-1";"";"";"";"0";"";"0";"";""
"692";"3505-68";"";"";"";"0";"";"0";"";""
"693";"716-3";"";"";"";"0";"";"0";"";""
"694";"3510-125";"";"";"";"0";"";"0";"";""
"695";"16351-1";"";"";"";"0";"";"0";"";""
"696";"3510-170";"";"";"";"0";"";"0";"";""
"697";"1499-32";"";"";"";"0";"";"0";"";""
"698";"16208-10";"";"";"";"0";"";"0";"";""
"699";"6070-38";"";"";"";"0";"";"0";"";""
"700";"1-14535";"";"";"";"0";"";"0";"";""
"701";"7534-2";"";"";"";"0";"";"0";"";""
"702";"505-4";"";"";"";"0";"";"0";"";""
"703";"505-5";"";"";"";"0";"";"0";"";""
"704";"3301-470";"";"";"";"0";"";"0";"";""
"705";"2004-4";"";"";"";"0";"";"0";"";""
"706";"6070-10";"";"";"";"0";"";"0";"";""
"707";"2004-372";"";"";"";"0";"";"0";"";""
"708";"202-1";"";"";"";"0";"";"0";"";""
"709";"316-1";"";"";"";"0";"";"0";"";""
"710";"8800-4";"";"";"";"0";"";"0";"";""
"711";"6800-26";"";"";"";"0";"";"0";"";""
"712";"6024-1";"";"";"";"0";"";"0";"";""
"713";"6366-1";"";"";"";"0";"";"0";"";""
"714";"6032-2";"";"";"";"0";"";"0";"";""
"715";"6334-1";"";"";"";"0";"";"0";"";""
"719";"1527-129";"";"";"";"0";"";"0";"";""
"720";"975-18";"";"";"";"0";"";"0";"";""
"721";"539-3";"";"";"";"0";"";"0";"";""
"722";"867-29";"";"";"";"0";"";"0";"";""
"723";"513-1";"";"";"";"0";"";"0";"";""
"725";"448-3";"";"";"";"0";"";"0";"";""
"726";"1138-11";"";"";"";"0";"";"0";"";""
"727";"1527-31";"";"";"";"0";"";"0";"";""
"728";"911-8";"";"";"";"0";"";"0";"";""
"729";"693-199";"";"";"";"0";"";"0";"";""
"730";"3545-402";"";"";"";"0";"";"0";"";""
"731";"1712-23";"";"";"";"0";"";"0";"";""
"732";"3074-7";"";"";"";"0";"";"0";"";""
"733";"3301-715";"";"";"";"0";"";"0";"";""
"734";"6400-4";"";"";"";"0";"";"0";"";""
"735";"5048-9";"";"";"";"0";"";"0";"";""
"736";"5048-8";"";"";"";"0";"";"0";"";""
"737";"5048-11";"";"";"";"0";"";"0";"";""
"738";"1177-22";"";"";"";"0";"";"0";"";""
"739";"1177-11";"";"";"";"0";"";"0";"";""
"740";"1303-34";"";"";"";"0";"";"0";"";""
"741";"1303-20";"";"";"";"0";"";"0";"";""
"742";"6420-1";"";"";"";"0";"";"0";"";""
"745";"6037-1";"";"";"";"0";"";"0";"";""
"746";"6027-2";"";"";"";"0";"";"0";"";""
"747";"5128-9";"";"";"";"0";"";"0";"";""
"748";"5128-6";"";"";"";"0";"";"0";"";""
"749";"33-4";"";"";"";"0";"";"0";"";""
"751";"6701-4";"";"";"";"0";"";"0";"";""
"752";"4228-1";"";"";"";"0";"";"0";"";""
"755";"4700-58";"";"";"";"0";"";"0";"";""
"756";"33-3";"";"";"";"0";"";"0";"";""
"757";"6502-33";"";"";"";"0";"";"0";"";""
"759";"6502-34";"";"";"";"0";"";"0";"";""
"760";"5394-1";"";"";"";"0";"";"0";"";""
"761";"5301-5";"";"";"";"0";"";"0";"";""
"762";"5350-6";"";"";"";"0";"";"0";"";""
"766";"5303-6";"";"";"";"0";"";"0";"";""
"768";"7000-13";"";"";"";"0";"";"0";"";""
"769";"4700-89";"";"";"";"0";"";"0";"";""
"776";"4110-5";"";"";"";"0";"";"0";"";""
"781";"2681-2";"";"";"";"0";"";"0";"";""
"784";"5305-3";"";"";"";"0";"";"0";"";""
"785";"4295-90";"";"";"";"0";"";"0";"";""
"790";"6327-1";"";"";"";"0";"";"0";"";""
"791";"4036-4";"";"";"";"0";"";"0";"";""
"794";"1609-6";"";"";"";"0";"";"0";"";""
"795";"5302-6";"";"";"";"0";"";"0";"";""
"796";"3053-2";"";"";"";"0";"";"0";"";""
"800";"5302-10";"";"";"";"0";"";"0";"";""
"801";"2580-236";"";"";"";"0";"";"0";"";""
"810";"320-12";"";"";"";"0";"";"0";"";""
"818";"2421-1";"";"";"";"0";"";"0";"";""
"821";"20000-37";"";"";"";"0";"";"0";"";""
"822";"6770-2";"";"";"";"0";"";"0";"";""
"823";"1-14536";"";"";"";"0";"";"0";"";""
"824";"16178-1";"";"";"";"0";"";"0";"";""
"825";"1037-3";"";"";"";"0";"";"0";"";""
"826";"521-7";"";"";"";"0";"";"0";"";""
"827";"2009-124";"";"";"";"0";"";"0";"";""
"828";"510-4";"";"";"";"0";"";"0";"";""
"829";"804-1";"";"";"";"0";"";"0";"";""
"830";"10000-25";"";"";"";"0";"";"0";"";""
"831";"51-1";"";"";"";"0";"";"0";"";""
"832";"2427-1";"";"";"";"0";"";"0";"";""
"833";"5362-6";"";"";"";"0";"";"0";"";""
"837";"4122-1";"";"";"";"0";"";"0";"";""
"838";"1022-1";"";"";"";"0";"";"0";"";""
"839";"551-22";"";"";"";"0";"";"0";"";""
"842";"2114-43";"";"";"";"0";"";"0";"";""
"843";"3376-12";"";"";"";"0";"";"0";"";""
"844";"2857-6";"";"";"";"0";"";"0";"";""
"845";"1005-6";"";"";"";"0";"";"0";"";""
"846";"3356-2";"";"";"";"0";"";"0";"";""
"847";"1768-2";"";"";"";"0";"";"0";"";""
"848";"5246-5";"";"";"";"0";"";"0";"";""
"849";"833-60";"";"";"";"0";"";"0";"";""
"850";"572-42";"";"";"";"0";"";"0";"";""
"851";"361-21";"";"";"";"0";"";"0";"";""
"852";"15140-3";"";"";"";"0";"";"0";"";""
"853";"4600-14";"";"";"";"0";"";"0";"";""
"855";"703-406";"";"";"";"0";"";"0";"";""
"862";"3038-19";"";"";"";"0";"";"0";"";""
"863";"90-38";"";"";"";"0";"";"0";"";""
"864";"667-4";"";"";"";"0";"";"0";"";""
"867";"862-221";"";"";"";"0";"";"0";"";""
"873";"3168-1";"";"";"";"0";"";"0";"";""
"874";"5701-60";"";"";"";"0";"";"0";"";""
"875";"785-5";"";"";"";"0";"";"0";"";""
"876";"904-34";"";"";"";"0";"";"0";"";""
"877";"6048-26";"";"";"";"0";"";"0";"";""
"878";"6356-50";"";"";"";"0";"";"0";"";""
"879";"503-18";"";"";"";"0";"";"0";"";""
"880";"7089-22";"";"";"";"0";"";"0";"";""
"881";"9109-10";"";"";"";"0";"";"0";"";""
"882";"4721-9";"";"";"";"0";"";"0";"";""
"883";"3071-21";"";"";"";"0";"";"0";"";""
"884";"3542-14";"";"";"";"0";"";"0";"";""
"885";"4935-4";"";"";"";"0";"";"0";"";""
"886";"7263-80";"";"";"";"0";"";"0";"";""
"887";"6972-11";"";"";"";"0";"";"0";"";""
"888";"2851-57";"";"";"";"0";"";"0";"";""
"889";"787-22";"";"";"";"0";"";"0";"";""
"890";"3047-15";"";"";"";"0";"";"0";"";""
"891";"634-54";"";"";"";"0";"";"0";"";""
"892";"90-36";"";"";"";"0";"";"0";"";""
"893";"1531-11";"";"";"";"0";"";"0";"";""
"894";"1024-47";"";"";"";"0";"";"0";"";""
"895";"5261-5";"";"";"";"0";"";"0";"";""
"896";"590-6";"";"";"";"0";"";"0";"";""
"897";"811-14";"";"";"";"0";"";"0";"";""
"898";"5187-3";"";"";"";"0";"";"0";"";""
"899";"942-118";"";"";"";"0";"";"0";"";""
"900";"1317-24";"";"";"";"0";"";"0";"";""
"901";"9072-60";"";"";"";"0";"";"0";"";""
"902";"22-536";"";"";"";"0";"";"0";"";""
"903";"5971-20";"";"";"";"0";"";"0";"";""
"904";"819-17";"";"";"";"0";"";"0";"";""
"905";"14055-7";"";"";"";"0";"";"0";"";""
"906";"4119-41";"";"";"";"0";"";"0";"";""
"907";"9094-233";"";"";"";"0";"";"0";"";""
"908";"3410-12";"";"";"";"0";"";"0";"";""
"909";"1553-124";"";"";"";"0";"";"0";"";""
"910";"61-26";"";"";"";"0";"";"0";"";""
"911";"3829-12";"";"";"";"0";"";"0";"";""
"912";"7486-11";"";"";"";"0";"";"0";"";""
"914";"6736-2";"";"";"";"0";"";"0";"";""
"915";"16370-1";"";"";"";"0";"";"0";"";""
"916";"10001-2";"";"";"";"0";"";"0";"";""
"917";"5309-12";"";"";"";"0";"";"0";"";""
"918";"17011-1";"";"";"";"0";"";"0";"";""
"919";"5324-3";"";"";"";"0";"";"0";"";""
"920";"5324-2";"";"";"";"0";"";"0";"";""
"921";"5318-6";"";"";"";"0";"";"0";"";""
"922";"10001-15";"";"";"";"0";"";"0";"";""
"923";"5311-7";"";"";"";"0";"";"0";"";""
"924";"5319-2";"";"";"";"0";"";"0";"";""
"925";"5311-8";"";"";"";"0";"";"0";"";""
"926";"5311-9";"";"";"";"0";"";"0";"";""
"927";"5311-10";"";"";"";"0";"";"0";"";""
"928";"5319-4";"";"";"";"0";"";"0";"";""
"929";"5311-11";"";"";"";"0";"";"0";"";""
"930";"5319-5";"";"";"";"0";"";"0";"";""
"931";"5319-3";"";"";"";"0";"";"0";"";""
"932";"5319-6";"";"";"";"0";"";"0";"";""
"933";"5319-1";"";"";"";"0";"";"0";"";""
"934";"5319-8";"";"";"";"0";"";"0";"";""
"935";"5317-7";"";"";"";"0";"";"0";"";""
"936";"5301-20";"";"";"";"0";"";"0";"";""
"937";"5317-2";"";"";"";"0";"";"0";"";""
"938";"5317-4";"";"";"";"0";"";"0";"";""
"939";"5319-9";"";"";"";"0";"";"0";"";""
"940";"5317-5";"";"";"";"0";"";"0";"";""
"941";"5317-1";"";"";"";"0";"";"0";"";""
"942";"5305-13";"";"";"";"0";"";"0";"";""
"943";"5315-22";"";"";"";"0";"";"0";"";""
"944";"5303-10";"";"";"";"0";"";"0";"";""
"945";"5318-1";"";"";"";"0";"";"0";"";""
"946";"5318-8";"";"";"";"0";"";"0";"";""
"947";"5318-9";"";"";"";"0";"";"0";"";""
"948";"5301-16";"";"";"";"0";"";"0";"";""
"949";"5303-1";"";"";"";"0";"";"0";"";""
"950";"5317-9";"";"";"";"0";"";"0";"";""
"951";"5318-10";"";"";"";"0";"";"0";"";""
"952";"5316-2";"";"";"";"0";"";"0";"";""
"953";"6405-1";"";"";"";"0";"";"0";"";""
"954";"5318-4";"";"";"";"0";"";"0";"";""
"955";"5318-2";"";"";"";"0";"";"0";"";""
"956";"5301-11";"";"";"";"0";"";"0";"";""
"957";"5305-12";"";"";"";"0";"";"0";"";""
"958";"5301-10";"";"";"";"0";"";"0";"";""
"959";"5301-19";"";"";"";"0";"";"0";"";""
"960";"5301-9";"";"";"";"0";"";"0";"";""
"961";"16440-1";"";"";"";"0";"";"0";"";""
"962";"5301-8";"";"";"";"0";"";"0";"";""
"963";"5303-7";"";"";"";"0";"";"0";"";""
"964";"20005-4";"";"";"";"0";"";"0";"";""
"965";"5301-14";"";"";"";"0";"";"0";"";""
"966";"16440-2";"";"";"";"0";"";"0";"";""
"967";"5315-11";"";"";"";"0";"";"0";"";""
"968";"5303-5";"";"";"";"0";"";"0";"";""
"969";"5303-6";"";"";"";"0";"";"0";"";""
"970";"5303-8";"";"";"";"0";"";"0";"";""
"971";"5305-17";"";"";"";"0";"";"0";"";""
"972";"5305-23";"";"";"";"0";"";"0";"";""
"973";"5305-15";"";"";"";"0";"";"0";"";""
"974";"5305-22";"";"";"";"0";"";"0";"";""
"975";"5305-21";"";"";"";"0";"";"0";"";""
"976";"5305-18";"";"";"";"0";"";"0";"";""
"977";"5305-20";"";"";"";"0";"";"0";"";""
"978";"5305-19";"";"";"";"0";"";"0";"";""
"979";"5303-4";"";"";"";"0";"";"0";"";""
"980";"5301-17";"";"";"";"0";"";"0";"";""
"981";"5305-2";"";"";"";"0";"";"0";"";""
"982";"5305-7";"";"";"";"0";"";"0";"";""
"983";"5305-10";"";"";"";"0";"";"0";"";""
"984";"5305-11";"";"";"";"0";"";"0";"";""
"985";"5305-5";"";"";"";"0";"";"0";"";""
"986";"5305-4";"";"";"";"0";"";"0";"";""
"987";"5305-9";"";"";"";"0";"";"0";"";""
"988";"5315-6";"";"";"";"0";"";"0";"";""
"989";"5315-8";"";"";"";"0";"";"0";"";""
"990";"5315-5";"";"";"";"0";"";"0";"";""
"991";"5315-15";"";"";"";"0";"";"0";"";""
"992";"5315-3";"";"";"";"0";"";"0";"";""
"993";"5315-19";"";"";"";"0";"";"0";"";""
"994";"5315-16";"";"";"";"0";"";"0";"";""
"995";"5315-10";"";"";"";"0";"";"0";"";""
"996";"5315-20";"";"";"";"0";"";"0";"";""
"997";"5315-21";"";"";"";"0";"";"0";"";""
"998";"5315-13";"";"";"";"0";"";"0";"";""
"999";"5315-14";"";"";"";"0";"";"0";"";""
"1000";"5301-3";"";"";"";"0";"";"0";"";""
"1001";"740-5";"";"";"";"0";"";"0";"";""
"1002";"740-6";"";"";"";"0";"";"0";"";""
"1003";"740-1";"";"";"";"0";"";"0";"";""
"1004";"5301-6";"";"";"";"0";"";"0";"";""
"1005";"5303-2";"";"";"";"0";"";"0";"";""
"1006";"5303-14";"";"";"";"0";"";"0";"";""
"1007";"5303-11";"";"";"";"0";"";"0";"";""
"1008";"740-2";"";"";"";"0";"";"0";"";""
"1009";"740-4";"";"";"";"0";"";"0";"";""
"1010";"5301-1";"";"";"";"0";"";"0";"";""
"1011";"740-7";"";"";"";"0";"";"0";"";""
"1012";"5303-12";"";"";"";"0";"";"0";"";""
"1013";"4002-11";"";"";"";"0";"";"0";"";""
"1015";"278-6";"";"";"";"0";"";"0";"";""
"1016";"6030-5";"";"";"";"0";"";"0";"";""
"1017";"5962-4";"";"";"";"0";"";"0";"";""
"1018";"4044-36";"";"";"";"0";"";"0";"";""
"1019";"4034-33";"";"";"";"0";"";"0";"";""
"1020";"111-5";"";"";"";"0";"";"0";"";""
"1021";"2469-902";"";"";"";"0";"";"0";"";""
"1022";"3747-1";"";"";"";"0";"";"0";"";""
"1023";"6406-19";"";"";"";"0";"";"0";"";""
"1024";"9005-4";"";"";"";"0";"";"0";"";""
"1025";"78-2";"";"";"";"0";"";"0";"";""
"1026";"35-4";"";"";"";"0";"";"0";"";""
"1027";"4044-37";"";"";"";"0";"";"0";"";""
"1028";"450-16";"";"";"";"0";"";"0";"";""
"1029";"2462-1";"";"";"";"0";"";"0";"";""
"1030";"393-7";"";"";"";"0";"";"0";"";""
"1031";"6706-50";"";"";"";"0";"";"0";"";""
"1032";"6200-3";"";"";"";"0";"";"0";"";""
"1033";"5496-1";"";"";"";"0";"";"0";"";""
"1034";"308-2";"";"";"";"0";"";"0";"";""
"1035";"4601-3";"";"";"";"0";"";"0";"";""
"1036";"4261-19";"";"";"";"0";"";"0";"";""
"1037";"796-1";"";"";"";"0";"";"0";"";""
"1038";"280-20";"";"";"";"0";"";"0";"";""
"1039";"111-1";"";"";"";"0";"";"0";"";""
"1040";"4662-1";"";"";"";"0";"";"0";"";""
"1041";"1079-4";"";"";"";"0";"";"0";"";""
"1042";"7040-12";"";"";"";"0";"";"0";"";""
"1043";"9524-1";"";"";"";"0";"";"0";"";""
"1044";"448-4";"";"";"";"0";"";"0";"";""
"1045";"2572-26";"";"";"";"0";"";"0";"";""
"1046";"117-2";"";"";"";"0";"";"0";"";""
"1047";"9320-265";"";"";"";"0";"";"0";"";""
"1048";"398-1";"";"";"";"0";"";"0";"";""
"1049";"556-8";"";"";"";"0";"";"0";"";""
"1050";"3903-32";"";"";"";"0";"";"0";"";""
"1051";"331-2";"";"";"";"0";"";"0";"";""
"1052";"1911-33";"";"";"";"0";"";"0";"";""
"1053";"493-13";"";"";"";"0";"";"0";"";""
"1054";"111-30";"";"";"";"0";"";"0";"";""
"1055";"375-44";"";"";"";"0";"";"0";"";""
"1056";"5110-33";"";"";"";"0";"";"0";"";""
"1057";"5521-1";"";"";"";"0";"";"0";"";""
"1058";"593-22";"";"";"";"0";"";"0";"";""
"1059";"35-4";"";"";"";"0";"";"0";"";""
"1060";"151-111";"";"";"";"0";"";"0";"";""
"1061";"9334-17";"";"";"";"0";"";"0";"";""
"1062";"11755-1";"";"";"";"0";"";"0";"";""
"1063";"1302-10";"";"";"";"0";"";"0";"";""
"1064";"53-9";"";"";"";"0";"";"0";"";""
"1065";"266-37";"";"";"";"0";"";"0";"";""
"1066";"338-1";"";"";"";"0";"";"0";"";""
"1067";"5248-96";"";"";"";"0";"";"0";"";""
"1068";"388-1";"";"";"";"0";"";"0";"";""
"1069";"5962-5";"";"";"";"0";"";"0";"";""
"1070";"1104-1";"";"";"";"0";"";"0";"";""
"1071";"5702-13";"";"";"";"0";"";"0";"";""
"1072";"3630-28";"";"";"";"0";"";"0";"";""
"1073";"4044-34";"";"";"";"0";"";"0";"";""
"1074";"4622-18";"";"";"";"0";"";"0";"";""
"1075";"2444-11";"";"";"";"0";"";"0";"";""
"1076";"493-13";"";"";"";"0";"";"0";"";""
"1077";"4091-2";"";"";"";"0";"";"0";"";""
"1078";"1204-1";"";"";"";"0";"";"0";"";""
"1079";"1703-24";"";"";"";"0";"";"0";"";""
"1080";"97-97";"";"";"";"0";"";"0";"";""
"1081";"558-1";"";"";"";"0";"";"0";"";""
"1082";"148-45";"";"";"";"0";"";"0";"";""
"1083";"335-60";"";"";"";"0";"";"0";"";""
"1085";"1001-27";"";"";"";"0";"";"0";"";""
"1087";"477-144";"";"";"";"0";"";"0";"";""
"1088";"644-17";"";"";"";"0";"";"0";"";""
"1089";"1714-5";"";"";"";"0";"";"0";"";""
"1090";"9556-10";"";"";"";"0";"";"0";"";""
"1091";"1551-5";"";"";"";"0";"";"0";"";""
"1092";"151-9";"";"";"";"0";"";"0";"";""
"1093";"9005-336";"";"";"";"0";"";"0";"";""
"1094";"791-6";"";"";"";"0";"";"0";"";""
"1095";"652-30";"";"";"";"0";"";"0";"";""
"1096";"1160-9";"";"";"";"0";"";"0";"";""
"1097";"862-3";"";"";"";"0";"";"0";"";""
"1098";"6045-1";"";"";"";"0";"";"0";"";""
"1099";"2008-2";"";"";"";"0";"";"0";"";""
"1100";"5578-23";"";"";"";"0";"";"0";"";""
"1101";"5574-19";"";"";"";"0";"";"0";"";""
"1102";"2764-4";"";"";"";"0";"";"0";"";""
"1103";"177-24";"";"";"";"0";"";"0";"";""
"1104";"316-25";"";"";"";"0";"";"0";"";""
"1105";"177-187";"";"";"";"0";"";"0";"";""
"1106";"177-286";"";"";"";"0";"";"0";"";""
"1107";"177-17";"";"";"";"0";"";"0";"";""
"1108";"177-16";"";"";"";"0";"";"0";"";""
"1109";"177-23";"";"";"";"0";"";"0";"";""
"1110";"177-21";"";"";"";"0";"";"0";"";""
"1111";"177-18";"";"";"";"0";"";"0";"";""
"1112";"177-22";"";"";"";"0";"";"0";"";""
"1113";"177-209";"";"";"";"0";"";"0";"";""
"1114";"177-210";"";"";"";"0";"";"0";"";""
"1115";"177-20";"";"";"";"0";"";"0";"";""
"1116";"177-15";"";"";"";"0";"";"0";"";""
"1117";"177-311";"";"";"";"0";"";"0";"";""
"1118";"177-19";"";"";"";"0";"";"0";"";""
"1119";"177-270";"";"";"";"0";"";"0";"";""
"1120";"177-280";"";"";"";"0";"";"0";"";""
"1121";"177-229";"";"";"";"0";"";"0";"";""
"1122";"177-292";"";"";"";"0";"";"0";"";""
"1123";"177-258";"";"";"";"0";"";"0";"";""
"1124";"177-269";"";"";"";"0";"";"0";"";""
"1125";"177-222";"";"";"";"0";"";"0";"";""
"1126";"177-272";"";"";"";"0";"";"0";"";""
"1127";"177-289";"";"";"";"0";"";"0";"";""
"1128";"177-254";"";"";"";"0";"";"0";"";""
"1129";"177-260";"";"";"";"0";"";"0";"";""
"1130";"177-240";"";"";"";"0";"";"0";"";""
"1131";"177-246";"";"";"";"0";"";"0";"";""
"1132";"177-252";"";"";"";"0";"";"0";"";""
"1133";"177-247";"";"";"";"0";"";"0";"";""
"1134";"177-243";"";"";"";"0";"";"0";"";""
"1135";"177-308";"";"";"";"0";"";"0";"";""
"1136";"177-271";"";"";"";"0";"";"0";"";""
"1137";"177-262";"";"";"";"0";"";"0";"";""
"1138";"177-276";"";"";"";"0";"";"0";"";""
"1139";"177-295";"";"";"";"0";"";"0";"";""
"1140";"177-293";"";"";"";"0";"";"0";"";""
"1141";"177-282";"";"";"";"0";"";"0";"";""
"1142";"177-300";"";"";"";"0";"";"0";"";""
"1143";"177-310";"";"";"";"0";"";"0";"";""
"1144";"177-275";"";"";"";"0";"";"0";"";""
"1145";"177-265";"";"";"";"0";"";"0";"";""
"1146";"177-268";"";"";"";"0";"";"0";"";""
"1147";"177-306";"";"";"";"0";"";"0";"";""
"1148";"177-301";"";"";"";"0";"";"0";"";""
"1149";"177-294";"";"";"";"0";"";"0";"";""
"1150";"177-263";"";"";"";"0";"";"0";"";""
"1151";"177-264";"";"";"";"0";"";"0";"";""
"1152";"177-242";"";"";"";"0";"";"0";"";""
"1153";"177-274";"";"";"";"0";"";"0";"";""
"1154";"177-303";"";"";"";"0";"";"0";"";""
"1155";"177-266";"";"";"";"0";"";"0";"";""
"1156";"177-223";"";"";"";"0";"";"0";"";""
"1157";"177-279";"";"";"";"0";"";"0";"";""
"1158";"177-310";"";"";"";"0";"";"0";"";""
"1159";"177-278";"";"";"";"0";"";"0";"";""
"1160";"177-256";"";"";"";"0";"";"0";"";""
"1161";"177-257";"";"";"";"0";"";"0";"";""
"1162";"177-225";"";"";"";"0";"";"0";"";""
"1163";"177-281";"";"";"";"0";"";"0";"";""
"1164";"177-241";"";"";"";"0";"";"0";"";""
"1165";"177-228";"";"";"";"0";"";"0";"";""
"1166";"177-291";"";"";"";"0";"";"0";"";""
"1167";"177-249";"";"";"";"0";"";"0";"";""
"1168";"177-251";"";"";"";"0";"";"0";"";""
"1169";"177-236";"";"";"";"0";"";"0";"";""
"1170";"177-237";"";"";"";"0";"";"0";"";""
"1171";"177-287";"";"";"";"0";"";"0";"";""
"1172";"177-267";"";"";"";"0";"";"0";"";""
"1173";"177-305";"";"";"";"0";"";"0";"";""
"1174";"177-230";"";"";"";"0";"";"0";"";""
"1175";"177-227";"";"";"";"0";"";"0";"";""
"1176";"177-238";"";"";"";"0";"";"0";"";""
"1177";"177-239";"";"";"";"0";"";"0";"";""
"1178";"177-298";"";"";"";"0";"";"0";"";""
"1179";"177-224";"";"";"";"0";"";"0";"";""
"1180";"177-307";"";"";"";"0";"";"0";"";""
"1181";"177-283";"";"";"";"0";"";"0";"";""
"1182";"177-226";"";"";"";"0";"";"0";"";""
"1183";"177-233";"";"";"";"0";"";"0";"";""
"1184";"177-288";"";"";"";"0";"";"0";"";""
"1185";"177-290";"";"";"";"0";"";"0";"";""
"1186";"177-299";"";"";"";"0";"";"0";"";""
"1187";"177-248";"";"";"";"0";"";"0";"";""
"1188";"177-250";"";"";"";"0";"";"0";"";""
"1189";"3801-16";"";"";"";"0";"";"0";"";""
"1190";"3801-17";"";"";"";"0";"";"0";"";""
"1191";"6069-1";"";"";"";"0";"";"0";"";""
"1192";"25051-4";"";"";"";"0";"";"0";"";""
"1193";"16000-15";"";"";"";"0";"";"0";"";""
"1194";"45000-64";"";"";"";"0";"";"0";"";""
"1195";"20000-49";"";"";"";"0";"";"0";"";""
"1196";"16819-1";"";"";"";"0";"";"0";"";""
"1197";"6736-3";"";"";"";"0";"";"0";"";""
"1198";"25051-1";"";"";"";"0";"";"0";"";""
"1199";"6700-54";"";"";"";"0";"";"0";"";""
"1200";"17015-15";"";"";"";"0";"";"0";"";""
"1201";"5304-1";"";"";"";"0";"";"0";"";""
"1202";"5005-3";"";"";"";"0";"";"0";"";""
"1203";"5306-1";"";"";"";"0";"";"0";"";""
"1204";"8004-38";"";"";"";"0";"";"0";"";""
"1205";"17015-13";"";"";"";"0";"";"0";"";""
"1206";"8004-28";"";"";"";"0";"";"0";"";""
"1207";"5328-5";"";"";"";"0";"";"0";"";""
"1208";"4500-1";"";"";"";"0";"";"0";"";""
"1209";"5311-12";"";"";"";"0";"";"0";"";""
"1210";"5311-6";"";"";"";"0";"";"0";"";""
"1211";"16161-7";"";"";"";"0";"";"0";"";""
"1212";"16171-3";"";"";"";"0";"";"0";"";""
"1213";"25001-40";"";"";"";"0";"";"0";"";""
"1214";"8004-31";"";"";"";"0";"";"0";"";""
"1215";"5329-2";"";"";"";"0";"";"0";"";""
"1216";"5306-3";"";"";"";"0";"";"0";"";""
"1217";"16070-1";"";"";"";"0";"";"0";"";""
"1218";"5305-1";"";"";"";"0";"";"0";"";""
"1219";"20006-2";"";"";"";"0";"";"0";"";""
"1220";"5327-3";"";"";"";"0";"";"0";"";""
"1221";"16171-4";"";"";"";"0";"";"0";"";""
"1222";"16150-11";"";"";"";"0";"";"0";"";""
"1223";"16151-11";"";"";"";"0";"";"0";"";""
"1224";"5325-2";"";"";"";"0";"";"0";"";""
"1225";"25001-37";"";"";"";"0";"";"0";"";""
"1226";"16131-2";"";"";"";"0";"";"0";"";""
"1227";"5327-1";"";"";"";"0";"";"0";"";""
"1228";"16090-4";"";"";"";"0";"";"0";"";""
"1229";"5003-1";"";"";"";"0";"";"0";"";""
"1230";"16070-11";"";"";"";"0";"";"0";"";""
"1231";"5313-16";"";"";"";"0";"";"0";"";""
"1232";"5313-20";"";"";"";"0";"";"0";"";""
"1233";"5313-21";"";"";"";"0";"";"0";"";""
"1234";"5004-5";"";"";"";"0";"";"0";"";""
"1235";"25001-24";"";"";"";"0";"";"0";"";""
"1236";"25000-25";"";"";"";"0";"";"0";"";""
"1237";"16176-1";"";"";"";"0";"";"0";"";""
"1238";"5313-16";"";"";"";"0";"";"0";"";""
"1239";"5313-19";"";"";"";"0";"";"0";"";""
"1240";"5006-10";"";"";"";"0";"";"0";"";""
"1241";"5006-14";"";"";"";"0";"";"0";"";""
"1242";"5006-12";"";"";"";"0";"";"0";"";""
"1243";"16071-5";"";"";"";"0";"";"0";"";""
"1244";"25001-36";"";"";"";"0";"";"0";"";""
"1245";"25001-49";"";"";"";"0";"";"0";"";""
"1246";"5314-9";"";"";"";"0";"";"0";"";""
"1247";"5328-4";"";"";"";"0";"";"0";"";""
"1248";"5331-3";"";"";"";"0";"";"0";"";""
"1249";"5314-1";"";"";"";"0";"";"0";"";""
"1250";"5314-7";"";"";"";"0";"";"0";"";""
"1251";"5314-6";"";"";"";"0";"";"0";"";""
"1252";"5330-2";"";"";"";"0";"";"0";"";""
"1253";"5314-13";"";"";"";"0";"";"0";"";""
"1254";"5331-7";"";"";"";"0";"";"0";"";""
"1255";"5330-1";"";"";"";"0";"";"0";"";""
"1256";"5330-9";"";"";"";"0";"";"0";"";""
"1257";"5314-12";"";"";"";"0";"";"0";"";""
"1258";"5314-8";"";"";"";"0";"";"0";"";""
"1259";"5314-5";"";"";"";"0";"";"0";"";""
"1260";"5302-1";"";"";"";"0";"";"0";"";""
"1261";"5302-2";"";"";"";"0";"";"0";"";""
"1262";"5302-17";"";"";"";"0";"";"0";"";""
"1263";"5302-11";"";"";"";"0";"";"0";"";""
"1264";"5302-19";"";"";"";"0";"";"0";"";""
"1265";"5302-18";"";"";"";"0";"";"0";"";""
"1266";"16176-3";"";"";"";"0";"";"0";"";""
"1267";"5302-12";"";"";"";"0";"";"0";"";""
"1268";"5006-1";"";"";"";"0";"";"0";"";""
"1269";"16070-6";"";"";"";"0";"";"0";"";""
"1270";"6723-3";"";"";"";"0";"";"0";"";""
"1271";"5309-3";"";"";"";"0";"";"0";"";""
"1272";"5333-1";"";"";"";"0";"";"0";"";""
"1273";"5309-9";"";"";"";"0";"";"0";"";""
"1274";"16071-7";"";"";"";"0";"";"0";"";""
"1275";"5311-5";"";"";"";"0";"";"0";"";""
"1276";"5311-3";"";"";"";"0";"";"0";"";""
"1277";"5311-4";"";"";"";"0";"";"0";"";""
"1278";"5311-2";"";"";"";"0";"";"0";"";""
"1279";"5311-1";"";"";"";"0";"";"0";"";""
"1280";"5001-8";"";"";"";"0";"";"0";"";""
"1281";"16095-6";"";"";"";"0";"";"0";"";""
"1282";"5316-1";"";"";"";"0";"";"0";"";""
"1283";"6700-7";"";"";"";"0";"";"0";"";""
"1284";"5317-6";"";"";"";"0";"";"0";"";""
"1285";"16095-9";"";"";"";"0";"";"0";"";""
"1286";"509-37";"";"";"";"0";"";"0";"";""
"1287";"16161-4";"";"";"";"0";"";"0";"";""
"1288";"5301-13";"";"";"";"0";"";"0";"";""
"1289";"5317-3";"";"";"";"0";"";"0";"";""
"1290";"16071-3";"";"";"";"0";"";"0";"";""
"1291";"16071-2";"";"";"";"0";"";"0";"";""
"1292";"16082-11";"";"";"";"0";"";"0";"";""
"1293";"16082-13";"";"";"";"0";"";"0";"";""
"1294";"16092-5";"";"";"";"0";"";"0";"";""
"1295";"6705-3";"";"";"";"0";"";"0";"";""
"1296";"15010-2";"";"";"";"0";"";"0";"";""
"1297";"16092-7";"";"";"";"0";"";"0";"";""
"1298";"16173-5";"";"";"";"0";"";"0";"";""
"1299";"5303-9";"";"";"";"0";"";"0";"";""
"1300";"16142-3";"";"";"";"0";"";"0";"";""
"1301";"5301-7";"";"";"";"0";"";"0";"";""
"1302";"16142-12";"";"";"";"0";"";"0";"";""
"1303";"16095-11";"";"";"";"0";"";"0";"";""
"1304";"16071-9";"";"";"";"0";"";"0";"";""
"1305";"5318-7";"";"";"";"0";"";"0";"";""
"1306";"5301-5";"";"";"";"0";"";"0";"";""
"1307";"5301-15";"";"";"";"0";"";"0";"";""
"1308";"600-5";"";"";"";"0";"";"0";"";""
"1309";"5301-4";"";"";"";"0";"";"0";"";""
"1310";"5318-3";"";"";"";"0";"";"0";"";""
"1311";"20005-2";"";"";"";"0";"";"0";"";""
"1312";"5315-12";"";"";"";"0";"";"0";"";""
"1313";"4102-7";"";"";"";"0";"";"0";"";""
"1314";"5305-8";"";"";"";"0";"";"0";"";""
"1315";"5315-1";"";"";"";"0";"";"0";"";""
"1316";"5315-9";"";"";"";"0";"";"0";"";""
"1317";"5315-7";"";"";"";"0";"";"0";"";""
"1318";"5315-2";"";"";"";"0";"";"0";"";""
"1319";"5315-17";"";"";"";"0";"";"0";"";""
"1320";"5315-18";"";"";"";"0";"";"0";"";""
"1321";"5305-24";"";"";"";"0";"";"0";"";""
"1322";"5301-2";"";"";"";"0";"";"0";"";""
"1323";"740-2";"";"";"";"0";"";"0";"";""
"1324";"5303-3";"";"";"";"0";"";"0";"";""
"1325";"3516-6";"";"";"";"0";"";"0";"";""
"1326";"5640-7";"";"";"";"0";"";"0";"";""
"1327";"606-3";"";"";"";"0";"";"0";"";""
"1329";"3515-139";"";"";"";"0";"";"0";"";""
"1330";"4504-12";"";"";"";"0";"";"0";"";""
"1331";"3515-166";"";"";"";"0";"";"0";"";""
"1332";"6075-4";"";"";"";"0";"";"0";"";""
"1333";"3510-150";"";"";"";"0";"";"0";"";""
"1334";"4306-13";"";"";"";"0";"";"0";"";""
"1335";"601-12";"";"";"";"0";"";"0";"";""
"1336";"325-9";"";"";"";"0";"";"0";"";""
"1337";"3545-387";"";"";"";"0";"";"0";"";""
"1338";"6080-5";"";"";"";"0";"";"0";"";""
"1339";"608-7";"";"";"";"0";"";"0";"";""
"1340";"608-4";"";"";"";"0";"";"0";"";""
"1341";"3545-395";"";"";"";"0";"";"0";"";""
"1342";"3545-392";"";"";"";"0";"";"0";"";""
"1343";"3545-358";"";"";"";"0";"";"0";"";""
"1344";"3545-368";"";"";"";"0";"";"0";"";""
"1345";"601-5";"";"";"";"0";"";"0";"";""
"1346";"3545-363";"";"";"";"0";"";"0";"";""
"1347";"3545-320";"";"";"";"0";"";"0";"";""
"1348";"3545-391";"";"";"";"0";"";"0";"";""
"1349";"3545-362";"";"";"";"0";"";"0";"";""
"1350";"3545-389";"";"";"";"0";"";"0";"";""
"1351";"15013-6";"";"";"";"0";"";"0";"";""
"1352";"507-63";"";"";"";"0";"";"0";"";""
"1353";"603-11";"";"";"";"0";"";"0";"";""
"1354";"15011-8";"";"";"";"0";"";"0";"";""
"1355";"607-7";"";"";"";"0";"";"0";"";""
"1356";"6073-7";"";"";"";"0";"";"0";"";""
"1357";"15008-17";"";"";"";"0";"";"0";"";""
"1358";"6077-2";"";"";"";"0";"";"0";"";""
"1359";"604-5";"";"";"";"0";"";"0";"";""
"1360";"15011-7";"";"";"";"0";"";"0";"";""
"1361";"15011-10";"";"";"";"0";"";"0";"";""
"1362";"4302-6";"";"";"";"0";"";"0";"";""
"1363";"224-4";"";"";"";"0";"";"0";"";""
"1364";"15011-5";"";"";"";"0";"";"0";"";""
"1365";"15011-6";"";"";"";"0";"";"0";"";""
"1366";"15011-12";"";"";"";"0";"";"0";"";""
"1367";"15012-8";"";"";"";"0";"";"0";"";""
"1368";"347-4";"";"";"";"0";"";"0";"";""
"1369";"101-252";"";"";"";"0";"";"0";"";""
"1370";"15012-9";"";"";"";"0";"";"0";"";""
"1371";"15011-3";"";"";"";"0";"";"0";"";""
"1372";"15012-2";"";"";"";"0";"";"0";"";""
"1373";"15008-21";"";"";"";"0";"";"0";"";""
"1374";"15011-2";"";"";"";"0";"";"0";"";""
"1375";"15012-9";"";"";"";"0";"";"0";"";""
"1376";"15011-4";"";"";"";"0";"";"0";"";""
"1377";"15011-13";"";"";"";"0";"";"0";"";""
"1379";"15013-8";"";"";"";"0";"";"0";"";""
"1380";"15001-3";"";"";"";"0";"";"0";"";""
"1381";"4304-4";"";"";"";"0";"";"0";"";""
"1382";"15015-2";"";"";"";"0";"";"0";"";""
"1383";"15008-5";"";"";"";"0";"";"0";"";""
"1384";"15003-4";"";"";"";"0";"";"0";"";""
"1385";"15009-4";"";"";"";"0";"";"0";"";""
"1386";"15013-13";"";"";"";"0";"";"0";"";""
"1387";"4504-5";"";"";"";"0";"";"0";"";""
"1388";"4504-14";"";"";"";"0";"";"0";"";""
"1389";"15013-2";"";"";"";"0";"";"0";"";""
"1390";"15003-3";"";"";"";"0";"";"0";"";""
"1391";"15013-4";"";"";"";"0";"";"0";"";""
"1392";"15006-6";"";"";"";"0";"";"0";"";""
"1393";"15008-1";"";"";"";"0";"";"0";"";""
"1394";"15015-10";"";"";"";"0";"";"0";"";""
"1395";"15016-3";"";"";"";"0";"";"0";"";""
"1396";"15013-12";"";"";"";"0";"";"0";"";""
"1397";"4508-2";"";"";"";"0";"";"0";"";""
"1398";"15008-2";"";"";"";"0";"";"0";"";""
"1399";"15008-3";"";"";"";"0";"";"0";"";""
"1400";"4514-9";"";"";"";"0";"";"0";"";""
"1401";"15008-20";"";"";"";"0";"";"0";"";""
"1402";"4103-18";"";"";"";"0";"";"0";"";""
"1403";"4104-7";"";"";"";"0";"";"0";"";""
"1404";"4103-14";"";"";"";"0";"";"0";"";""
"1405";"15013-10";"";"";"";"0";"";"0";"";""
"1406";"15008-23";"";"";"";"0";"";"0";"";""
"1407";"15003-5";"";"";"";"0";"";"0";"";""
"1408";"15013-5";"";"";"";"0";"";"0";"";""
"1409";"15013-11";"";"";"";"0";"";"0";"";""
"1410";"15005-8";"";"";"";"0";"";"0";"";""
"1411";"15002-2";"";"";"";"0";"";"0";"";""
"1412";"15006-9";"";"";"";"0";"";"0";"";""
"1413";"4504-7";"";"";"";"0";"";"0";"";""
"1414";"101-134";"";"";"";"0";"";"0";"";""
"1415";"6079-8";"";"";"";"0";"";"0";"";""
"1416";"15001-6";"";"";"";"0";"";"0";"";""
"1417";"15007-5";"";"";"";"0";"";"0";"";""
"1418";"6072-4";"";"";"";"0";"";"0";"";""
"1419";"15006-11";"";"";"";"0";"";"0";"";""
"1420";"15005-2";"";"";"";"0";"";"0";"";""
"1421";"4103-17";"";"";"";"0";"";"0";"";""
"1422";"15003-16";"";"";"";"0";"";"0";"";""
"1423";"327-27";"";"";"";"0";"";"0";"";""
"1424";"15013-9";"";"";"";"0";"";"0";"";""
"1425";"15015-9";"";"";"";"0";"";"0";"";""
"1426";"15015-8";"";"";"";"0";"";"0";"";""
"1427";"4508-3";"";"";"";"0";"";"0";"";""
"1428";"15015-7";"";"";"";"0";"";"0";"";""
"1429";"6077-4";"";"";"";"0";"";"0";"";""
"1430";"15013-14";"";"";"";"0";"";"0";"";""
"1431";"101-301";"";"";"";"0";"";"0";"";""
"1432";"3540-171";"";"";"";"0";"";"0";"";""
"1433";"15007-23";"";"";"";"0";"";"0";"";""
"1434";"15007-22";"";"";"";"0";"";"0";"";""
"1435";"101-152";"";"";"";"0";"";"0";"";""
"1436";"6078-2";"";"";"";"0";"";"0";"";""
"1437";"4521-2";"";"";"";"0";"";"0";"";""
"1438";"6500-10";"";"";"";"0";"";"0";"";""
"1439";"4537-4";"";"";"";"0";"";"0";"";""
"1440";"3443-6";"";"";"";"0";"";"0";"";""
"1441";"6079-2";"";"";"";"0";"";"0";"";""
"1442";"6080-8";"";"";"";"0";"";"0";"";""
"1443";"6080-7";"";"";"";"0";"";"0";"";""
"1444";"101-306";"";"";"";"0";"";"0";"";""
"1445";"3517-9";"";"";"";"0";"";"0";"";""
"1446";"6080-1";"";"";"";"0";"";"0";"";""
"1447";"6080-2";"";"";"";"0";"";"0";"";""
"1448";"15007-19";"";"";"";"0";"";"0";"";""
"1449";"101-159";"";"";"";"0";"";"0";"";""
"1450";"6080-5";"";"";"";"0";"";"0";"";""
"1451";"6080-4";"";"";"";"0";"";"0";"";""
"1452";"101-305";"";"";"";"0";"";"0";"";""
"1453";"6080-3";"";"";"";"0";"";"0";"";""
"1454";"101-307";"";"";"";"0";"";"0";"";""
"1455";"6080-6";"";"";"";"0";"";"0";"";""
"1456";"4307-9";"";"";"";"0";"";"0";"";""
"1457";"101-403";"";"";"";"0";"";"0";"";""
"1458";"101-404";"";"";"";"0";"";"0";"";""
"1459";"3451-35";"";"";"";"0";"";"0";"";""
"1460";"101-158";"";"";"";"0";"";"0";"";""
"1461";"3451-34";"";"";"";"0";"";"0";"";""
"1462";"211-2";"";"";"";"0";"";"0";"";""
"1463";"226-1";"";"";"";"0";"";"0";"";""
"1464";"225-11";"";"";"";"0";"";"0";"";""
"1465";"214-11";"";"";"";"0";"";"0";"";""
"1466";"212-12";"";"";"";"0";"";"0";"";""
"1467";"211-4";"";"";"";"0";"";"0";"";""
"1468";"226-10";"";"";"";"0";"";"0";"";""
"1469";"210-25";"";"";"";"0";"";"0";"";""
"1470";"212-3";"";"";"";"0";"";"0";"";""
"1471";"226-11";"";"";"";"0";"";"0";"";""
"1472";"215-10";"";"";"";"0";"";"0";"";""
"1473";"211-6";"";"";"";"0";"";"0";"";""
"1474";"226-12";"";"";"";"0";"";"0";"";""
"1475";"216-12";"";"";"";"0";"";"0";"";""
"1476";"507-24";"";"";"";"0";"";"0";"";""
"1477";"1000-3";"";"";"";"0";"";"0";"";""
"1478";"804-2";"";"";"";"0";"";"0";"";""
"1479";"1000-10";"";"";"";"0";"";"0";"";""
"1480";"1000-17";"";"";"";"0";"";"0";"";""
"1481";"1000-16";"";"";"";"0";"";"0";"";""
"1482";"369-4";"";"";"";"0";"";"0";"";""
"1483";"6322-4";"";"";"";"0";"";"0";"";""
"1484";"6322-5";"";"";"";"0";"";"0";"";""
"1485";"6322-7";"";"";"";"0";"";"0";"";""
"1486";"6322-3";"";"";"";"0";"";"0";"";""
"1487";"307-3";"";"";"";"0";"";"0";"";""
"1488";"70000-29";"";"";"";"0";"";"0";"";""
"1490";"51-1";"";"";"";"0";"";"0";"";""
"1491";"631-4";"";"";"";"0";"";"0";"";""
"1492";"1016-1";"";"";"";"0";"";"0";"";""
"1493";"4055-35";"";"";"";"0";"";"0";"";""
"1494";"3325-3";"";"";"";"0";"";"0";"";""
"1495";"6737-9";"";"";"";"0";"";"0";"";""
"1496";"6800-33";"";"";"";"0";"";"0";"";""
"1497";"18000-7";"";"";"";"0";"";"0";"";""
"1498";"12016-1";"";"";"";"0";"";"0";"";""
"1499";"3487-2";"";"";"";"0";"";"0";"";""
"1500";"16000-20";"";"";"";"0";"";"0";"";""
"1501";"25051-7";"";"";"";"0";"";"0";"";""
"1502";"401-6";"";"";"";"0";"";"0";"";""
"1504";"2779-3";"";"";"";"0";"";"0";"";""
"1505";"6101-28";"";"";"";"0";"";"0";"";""
"1506";"321-292";"";"";"";"0";"";"0";"";""
"1507";"12738-2";"";"";"";"0";"";"0";"";""
"1508";"6052-1";"";"";"";"0";"";"0";"";""
"1509";"590-13";"";"";"";"0";"";"0";"";""
"1510";"1360-27";"";"";"";"0";"";"0";"";""
"1511";"6481-21";"";"";"";"0";"";"0";"";""
"1512";"49-36";"";"";"";"0";"";"0";"";""
"1513";"6300-2";"";"";"";"0";"";"0";"";""
"1514";"1305-195";"";"";"";"0";"";"0";"";""
"1515";"4133-4";"";"";"";"0";"";"0";"";""
"1516";"3704-1";"";"";"";"0";"";"0";"";""
"1517";"2779-1";"";"";"";"0";"";"0";"";""
"1518";"4868-18";"";"";"";"0";"";"0";"";""
"1519";"774-5";"";"";"";"0";"";"0";"";""
"1520";"321-291";"";"";"";"0";"";"0";"";""
"1521";"5012-3";"";"";"";"0";"";"0";"";""
"1522";"544-1";"";"";"";"0";"";"0";"";""
"1523";"528-1";"";"";"";"0";"";"0";"";""
"1524";"56-91";"";"";"";"0";"";"0";"";""
"1525";"2759-1";"";"";"";"0";"";"0";"";""
"1526";"3535-154";"";"";"";"0";"";"0";"";""
"1527";"13-76";"";"";"";"0";"";"0";"";""
"1528";"541-84";"";"";"";"0";"";"0";"";""
"1529";"2886-33";"";"";"";"0";"";"0";"";""
"1530";"594-42";"";"";"";"0";"";"0";"";""
"1531";"1437-5";"";"";"";"0";"";"0";"";""
"1532";"1258-1";"";"";"";"0";"";"0";"";""
"1533";"87-87";"";"";"";"0";"";"0";"";""
"1534";"87-95";"";"";"";"0";"";"0";"";""
"1535";"6124-12";"";"";"";"0";"";"0";"";""
"1536";"176-18";"";"";"";"0";"";"0";"";""
"1537";"594-43";"";"";"";"0";"";"0";"";""
"1538";"87-82";"";"";"";"0";"";"0";"";""
"1539";"87-83";"";"";"";"0";"";"0";"";""
"1540";"1521-308";"";"";"";"0";"";"0";"";""
"1541";"194-10";"";"";"";"0";"";"0";"";""
"1542";"9643-25";"";"";"";"0";"";"0";"";""
"1543";"601-33";"";"";"";"0";"";"0";"";""
"1544";"2442-69";"";"";"";"0";"";"0";"";""
"1545";"1140-6";"";"";"";"0";"";"0";"";""
"1546";"3140-2";"";"";"";"0";"";"0";"";""
"1547";"1047-16";"";"";"";"0";"";"0";"";""
"1548";"3140-1";"";"";"";"0";"";"0";"";""
"1549";"3140-3";"";"";"";"0";"";"0";"";""
"1550";"8327-15";"";"";"";"0";"";"0";"";""
"1551";"6001-23";"";"";"";"0";"";"0";"";""
"1552";"40-21";"";"";"";"0";"";"0";"";""
"1553";"6744-6";"";"";"";"0";"";"0";"";""
"1554";"3801-3";"";"";"";"0";"";"0";"";""
"1555";"3801-2";"";"";"";"0";"";"0";"";""
"1556";"3801-32";"";"";"";"0";"";"0";"";""
"1557";"3801-18";"";"";"";"0";"";"0";"";""
"1558";"3801-19";"";"";"";"0";"";"0";"";""
"1559";"1157-21";"";"";"";"0";"";"0";"";""
"1560";"1303-19";"";"";"";"0";"";"0";"";""
"1561";"1401-34";"";"";"";"0";"";"0";"";""
"1562";"4518-4";"";"";"";"0";"";"0";"";""
"1563";"1000-6";"";"";"";"0";"";"0";"";""
"1564";"1000-18";"";"";"";"0";"";"0";"";""
"1565";"1401-33";"";"";"";"0";"";"0";"";""
"1566";"24-6";"";"";"";"0";"";"0";"";""
"1567";"101-196";"";"";"";"0";"";"0";"";""
"1568";"1303-31";"";"";"";"0";"";"0";"";""
"1569";"1401-32";"";"";"";"0";"";"0";"";""
"1570";"1401-31";"";"";"";"0";"";"0";"";""
"1571";"6800-27";"";"";"";"0";"";"0";"";""
"1572";"6340-3";"";"";"";"0";"";"0";"";""
"1573";"6340-2";"";"";"";"0";"";"0";"";""
"1574";"6301-5";"";"";"";"0";"";"0";"";""
"1575";"3519-1";"";"";"";"0";"";"0";"";""
"1576";"4044-38";"";"";"";"0";"";"0";"";""
"1577";"6746-1";"";"";"";"0";"";"0";"";""
"1578";"25049-1";"";"";"";"0";"";"0";"";""
"1579";"3063-1";"";"";"";"0";"";"0";"";""
"1580";"2440-90";"";"";"";"0";"";"0";"";""
"1581";"366-42";"";"";"";"0";"";"0";"";""
"1582";"2309-1";"";"";"";"0";"";"0";"";""
"1583";"501-13";"";"";"";"0";"";"0";"";""
"1584";"3705-2";"";"";"";"0";"";"0";"";""
"1585";"3063-3";"";"";"";"0";"";"0";"";""
"1586";"3501-10";"";"";"";"0";"";"0";"";""
"1587";"3603-16";"";"";"";"0";"";"0";"";""
"1588";"1134-2";"";"";"";"0";"";"0";"";""
"1589";"1122-11";"";"";"";"0";"";"0";"";""
"1590";"280-3";"";"";"";"0";"";"0";"";""
"1591";"907-11";"";"";"";"0";"";"0";"";""
"1592";"9320-261";"";"";"";"0";"";"0";"";""
"1593";"6200-16";"";"";"";"0";"";"0";"";""
"1594";"1297-1";"";"";"";"0";"";"0";"";""
"1595";"229-8";"";"";"";"0";"";"0";"";""
"1596";"3063-2";"";"";"";"0";"";"0";"";""
"1597";"2019-5";"";"";"";"0";"";"0";"";""
"1598";"7100-3";"";"";"";"0";"";"0";"";""
"1599";"2000-56";"";"";"";"0";"";"0";"";""
"1600";"311-8";"";"";"";"0";"";"0";"";""
"1601";"336-3";"";"";"";"0";"";"0";"";""
"1603";"3720-152";"";"";"";"0";"";"0";"";""
"1604";"8404-51";"";"";"";"0";"";"0";"";""
"1605";"71-1";"";"";"";"0";"";"0";"";""
"1606";"90-29";"";"";"";"0";"";"0";"";""
"1607";"721-15";"";"";"";"0";"";"0";"";""
"1608";"3118-29";"";"";"";"0";"";"0";"";""
"1609";"4324-2";"";"";"";"0";"";"0";"";""
"1610";"74-10";"";"";"";"0";"";"0";"";""
"1611";"3355-89";"";"";"";"0";"";"0";"";""
"1612";"7019-30";"";"";"";"0";"";"0";"";""