ROL_SII;COMUNA;REG;ZONA;NOMBRE_ZONA;USO_PERMITIDO;USO_PROHIBIDO;FECHA_DO;DOCUMENTO;OBSERVACION;SECTOR;INSTRUMENTO
44933;Santiago;RM;A;Zona A;"Residencial; Equipamiento de todo tipo, con excepciones; Actividad productiva, talleres artesanales verl Art. 9 y códigos CIIU N°2; Infraestructura de transporte y sanitaria; Espacio público; Área verde. Mayor detalle en Ordenanza";;27/01/1990;Resolución 26;uso prohibido no capturado (fusion captura 1);;PRC_Santiago
159-1;Santiago;RM;A;Zona A;"Residencial; Equipamiento de todo tipo, con excepciones; Actividad productiva, talleres artesanales verl Art. 9 y códigos CIIU N°2; Infraestructura de transporte y sanitaria; Espacio público; Área verde. Mayor detalle en Ordenanza";;27/01/1990;Resolución 26;uso prohibido no capturado (fusion captura 1);;PRC_Santiago
1005-4;Santiago;RM;H;Zona H-ERD Cub Hípico;Según lo dispuesto en el artículo 5.2.4.1 del Plan Regulador Metropolitano de Santiago o el texto que lo reemplace.;;27/01/1990;Resolución 26;uso prohibido no capturado (fusion captura 1);;PRC_Santiago
107-254;Santiago;RM;A;Zona A;"Residencial; Equipamiento de todo tipo, con excepciones; Actividad productiva, talleres artesanales verl Art. 9 y códigos CIIU N°2; Infraestructura de transporte y sanitaria; Espacio público; Área verde. Mayor detalle en Ordenanza";;27/01/1990;Resolución 26;uso prohibido no capturado (fusion captura 1);;PRC_Santiago
3240-1;La Cisterna;RM;AV;AV Zona de Áreas Verdes;Área verde.;Todo uso no mencionado como permitido.;07/08/2004;Decreto 2891;;La Cisterna;PRC_La_Cisterna
7188-1, 7188-3 Y 7188-4;Penalolen;RM;R.2;Zona R.2;"Vivienda; Equipamiento, con la excepción de los expresamente excluido; Transporte, con la excepción de los indicados en usos excluidos";"Cementerio, planta y botadero basura, base militar, cuartel, cárcel, zoológico, terminal distribución, garag, taller molesto, motel, discoteca; Terminal rodoviario, agropecuario, pesquero, dep. 3 o más buses; Industria inofensiva, molesta,*";27/07/1989;Decreto 55;129 de fecha 30.09.2004/ D.O. 03.11.04;Peñalolen;PRC_Peñalolén
36-10;Santiago;RM;A;Zona A;"Residencial; Equipamiento de todo tipo, con excepciones; Actividad productiva, talleres artesanales verl Art. 9 y códigos CIIU N°2; Infraestructura de transporte y sanitaria; Espacio público; Área verde. Mayor detalle en Ordenanza";;27/01/1990;Resolución 26;uso prohibido no capturado (fusion captura 1);;PRC_Santiago
3963-7 Y 3963-8;Nunoa;RM;Área de restricción;;;;27/10/1989;Decreto 129;uso prohibido no capturado (fusion captura 1);;PRC_Ñuñoa_AP
176-3 Y 176-4;Santiago;RM;A;Zona A;"Residencial; Equipamiento de todo tipo, con excepciones; Actividad productiva, talleres artesanales verl Art. 9 y códigos CIIU N°2; Infraestructura de transporte y sanitaria; Espacio público; Área verde. Mayor detalle en Ordenanza";;27/01/1990;Resolución 26;uso prohibido no capturado (fusion captura 1);;PRC_Santiago
5835-1;San Miguel;RM;EM1;EM1 Equipamiento metropolitana;"Equipamiento de deporte, servicios, esparcimiento, comercio, social; Áreas verdes. Mayor detalle en Ordenanza.";"Residencial vivienda unifamiliar, colectiva; Equipamiento de comercio, servicios, culto y cultura, esparcimiento, seguridad, científico, salud; todo tipo de actividad productiva; infraestructura de transporte y sanitaria. Mayor detalle en ordenanza.";25/11/2016;Decreto 2500;;San Miguel;PRC_San_Miguel
5444-7;Estacion Central;RM;IPD;IPD Zona mixta;Vivienda, equipamiento y bodegas inofensivas;;29/09/1993;Decreto 301;uso prohibido no capturado (fusion captura 1);;PRC_Estacion_Central
35-58;Santiago;RM;A;Zona A;"Residencial; Equipamiento de todo tipo, con excepciones; Actividad productiva, talleres artesanales verl Art. 9 y códigos CIIU N°2; Infraestructura de transporte y sanitaria; Espacio público; Área verde. Mayor detalle en Ordenanza";;27/01/1990;Resolución 26;uso prohibido no capturado (fusion captura 1);;PRC_Santiago
1230-8;Renca;RM;EP-1;Zona de equipamiento preferente1;"Residencial: vivienda, hospedaje; Equipamiento: científico, comercio, culto y cultura,  deportes, educación, salud, seguridad, servicios, social; Espacio Público; Áreas verdes.";;22/02/2022;Decreto 214;uso prohibido no capturado (fusion captura 1);;PRC_Renca
35-32;Santiago;RM;A;Zona A;"Residencial; Equipamiento de todo tipo, con excepciones; Actividad productiva, talleres artesanales verl Art. 9 y códigos CIIU N°2; Infraestructura de transporte y sanitaria; Espacio público; Área verde. Mayor detalle en Ordenanza";;27/01/1990;Resolución 26;uso prohibido no capturado (fusion captura 1);;PRC_Santiago
42-50;Santiago;RM;A;Zona A;"Residencial; Equipamiento de todo tipo, con excepciones; Actividad productiva, talleres artesanales verl Art. 9 y códigos CIIU N°2; Infraestructura de transporte y sanitaria; Espacio público; Área verde. Mayor detalle en Ordenanza";;27/01/1990;Resolución 26;uso prohibido no capturado (fusion captura 1);;PRC_Santiago
6020-2;La Granja;RM;ZH-3;ZH-3 Zona Residencial Densidad Baja;"Residencial, equipamiento comercial local, culto, deporte,  educación, salud, seguridad, servicios, social, oficina y científico; infraestructura sanitaria y energética; actividad productiva inofensiva; espacio público y áreas verdes.";"Equipamiento de esparcimiento, turismo y cementerio; actividad productiva peligrosa, molesta y contaminante; infraestructura de transporte.";27/12/2012;Decreto 4039;;La Granja;PRC_La_Granja
276-1;Santiago;RM;A;Zona A;"Residencial; Equipamiento de todo tipo, con excepciones; Actividad productiva, talleres artesanales verl Art. 9 y códigos CIIU N°2; Infraestructura de transporte y sanitaria; Espacio público; Área verde. Mayor detalle en Ordenanza";;27/01/1990;Resolución 26;uso prohibido no capturado (fusion captura 1);;PRC_Santiago
35-58;Santiago;RM;A;Zona A;"Residencial; Equipamiento de todo tipo, con excepciones; Actividad productiva, talleres artesanales verl Art. 9 y códigos CIIU N°2; Infraestructura de transporte y sanitaria; Espacio público; Área verde. Mayor detalle en Ordenanza";;27/01/1990;Resolución 26;uso prohibido no capturado (fusion captura 1);;PRC_Santiago
3513-3;Quinta Normal;RM;I;Eje preferente de equipamiento, comercio y servicios I;"Residencial: vivienda, hospedaje, hogares; Equipamiento: científico, comercio, culto y cultura, deporte, educación, esparcimiento, salud, seguridad, servicios y social; Espacio público y Área verde.";;24/10/2019;Decreto 1381;uso prohibido no capturado (fusion captura 1);;PRC_Quinta_Normal
109-745;Santiago;RM;A;Zona A;"Residencial; Equipamiento de todo tipo, con excepciones; Actividad productiva, talleres artesanales verl Art. 9 y códigos CIIU N°2; Infraestructura de transporte y sanitaria; Espacio público; Área verde. Mayor detalle en Ordenanza";;27/01/1990;Resolución 26;uso prohibido no capturado (fusion captura 1);;PRC_Santiago
151-11;Penaflor;RM;Revisar PRMS;Revisar PRMS;Según PRMS;Según PRMS;09/02/1970;Decreto 108;;Peñaflor;PRC_Peñaflor
1382-2;La Florida;RM;Z-AA2;Z-AA2 Zona de Transición A Edificación Aislada Alta;Todos los usos no señalados como prohibidos en el artículo 41, numeral 9, letra B).;Todos los usos señalados como prohibidos en el artículo 41, numeral 9, letra B), específicamente terminales de transporte terrestre, locales de compra-venta y exhibición de automóviles, camiones y similares que se desar*;17/09/2001;Resolución 47;;La Florida;PRC_La_Florida
536-15;La Florida;RM;PL;PL Zona de Plazas;Espacio público y áreas verdes.;Todo uso no mencionado como permitido.;17/09/2001;Resolución 47;;La Florida;PRC_La_Florida
154-97;Santiago;RM;A;Zona A;"Residencial; Equipamiento de todo tipo, con excepciones; Actividad productiva, talleres artesanales verl Art. 9 y códigos CIIU N°2; Infraestructura de transporte y sanitaria; Espacio público; Área verde. Mayor detalle en Ordenanza";;27/01/1990;Resolución 26;uso prohibido no capturado (fusion captura 1);;PRC_Santiago
676-2;Santiago;RM;B;Zona B;"Residencial, vivienda y hospedaje; Equipamiento de todo tipo, con excepciones indicadas en a.2.1); Actividad productiva; Infraestructura de transporte y sanitaria, con excepciones; Espacio público; Área verde. Mayor detalle en Ordenanza";;27/01/1990;Resolución 26;uso prohibido no capturado (fusion captura 1);;PRC_Santiago
2523-12;San Bernardo;RM;ZU1.1;ZU1.1 Zona de Centro Comunal Plaza de Armas;"Residencial; equipamiento de comercio, culto, deporte,  educación, esparcimiento, salud, seguridad, servicio y social; espacio público y áreas verdes.";Todo uso no mencionado como permitido.;13/06/2006;Decreto 3855;;San Bernardo;PRC_San_Bernardo
362-159;San Ramon;RM;Zona 6;Zona 6 Quintas Residenciales 800 m2;Residencial, además de establecimientos comerciales, o industriales agropecuarios con autorización especial de la Municipalidad.;Todo uso no mencionado como permitido, en especial la instalación de industrias y artesanías.;22/06/1952;Decreto 1469;;San Ramón;PRC_San_Ramón
6434-14;San Miguel;RM;Z-5;Z-5 Mixto;"Vivienda y hospedaje; Equipamiento de comercio, servicio, culto y cultura, esparcimiento, seguridad, educación, salud, deportivo, social; Talleres, industria inofensiva; Infraestructura de transporte, energética; Áreas verdes. Mayor detalle en Ordenan";"Equipamiento, mayor detalle en ordenanza; Actividad productiva, establecimientos industriales inofensivos, peligrosos, insalubres o contaminantes; infraestructura de transporte y sanitaria, Mayor detalle en Ordenanza.";25/11/2016;Decreto 2500;;San Miguel;PRC_San_Miguel
541-33;Renca;RM;HM-1;Zona habitacional mixta 1;"Residencial: vivienda, hogares de acogida, hospedaje; Equipamiento: científico, comercio, culto y cultura, deportes, educación, salud, seguridad, servicios, social; Espacio Público; Áreas verdes.";;22/02/2022;Decreto 214;uso prohibido no capturado (fusion captura 1);;PRC_Renca
3193-11;Recoleta;RM;Áreas verdes;Áreas verdes;Equipamiento intercomunal, comunal y vecinal de: áreas verdes y deporte, culto y cultura, esparcimiento y turismo al aire libre, como usos complementarios al principal de áreas verdes.;;08/01/2005;Resolución 104;uso prohibido no capturado (fusion captura 1);;PRC_Recoleta
"546-1; 546-2; 546-3";Renca;RM;HM-1;Zona habitacional mixta 1;"Residencial: vivienda, hogares de acogida, hospedaje; Equipamiento: científico, comercio, culto y cultura, deportes, educación, salud, seguridad, servicios, social; Espacio Público; Áreas verdes.";;22/02/2022;Decreto 214;uso prohibido no capturado (fusion captura 1);;PRC_Renca
3519-18;Lo Barnechea;RM;AR1V;;;;04/09/2002;Decreto 1295;uso prohibido no capturado (fusion captura 1);;PRC_Lo_Barnechea - Área de Riesgo
84-1;Santiago;RM;A;Zona A;"Residencial; Equipamiento de todo tipo, con excepciones; Actividad productiva, talleres artesanales verl Art. 9 y códigos CIIU N°2; Infraestructura de transporte y sanitaria; Espacio público; Área verde. Mayor detalle en Ordenanza";;27/01/1990;Resolución 26;uso prohibido no capturado (fusion captura 1);;PRC_Santiago
2516-39;La Florida;RM;ED-6;ED-6 Estadio Municipal de La Florida (Audax Italiano);"Equipamiento de comercio y deporte; espacio público y áreas verdes.";"Residencial; equipamiento; actividad productiva; infraestructura.";17/09/2001;Resolución 47;;La Florida;PRC_La_Florida
2214-4;La Granja;RM;ZI-1;ZI-1 Zona Industrial Exclusiva;"Equipamiento comercial local, deporte, educación, salud, seguridad, servicios, social y científico; actividad productiva molesta e inofensiva; infraestructura sanitaria y energética; espacio público y áreas verdes.";"Residencial, equipamiento de culto, esparcimiento, oficina, turismo y cementerio; actividad productiva peligrosa y contaminante; infraestructura de t*";27/12/2012;Decreto 4039;;La Granja;PRC_La_Granja
603-1;Concepcion;BB;AV;AV Área verde;Area verde.;Todos los usos de suelo no mencionados como permitidos;Publicacion PRC Concepcion. Decreto Alc. N°148. Fecha promulgacion 05.06.2004. Fecha publicacion D.O. 22.04.2004.;;;Areas verdes;PRC_Concepcion
5004-224;Coronel;BB;ZU-8;ZU-8 Zona mixta 8;Residencial. Equipamiento: cientifico, comercio, culto y cultura, deporte, educacion, esparcimiento, salud, seguridad, servicios, social.;Todos los usos de suelo no mencionados como permitidos.;Publicacion PRC Coronel. Decreto Alc. N°2465. Fecha promulgacion 27.03.2013. Fecha publicacion D.O. 22.04.2013;;;Coronel;PRC_Coronel
177-2, 177-4, 177-7, 177-8;Concepcion;BB;AV;AV Área verde;Area verde.;Todos los usos de suelo no mencionados como permitidos;Publicacion PRC Concepcion. Decreto Alc. N°148. Fecha promulgacion 05.06.2004. Fecha publicacion D.O. 22.04.2004.;;;Areas verdes;PRC_Concepcion
177-3;Concepcion;BB;AV;AV Área verde;Area verde.;Todos los usos de suelo no mencionados como permitidos;Publicacion PRC Concepcion. Decreto Alc. N°148. Fecha promulgacion 05.06.2004. Fecha publicacion D.O. 22.04.2004.;;;Areas verdes;PRC_Concepcion
4031-81;Concepcion;BB;HE4;HE4 Zona habitacional de expansión;Residencial. Equipamiento: cientifico, comercio, culto y cultura, deporte, educacion, esparcimiento, salud, seguridad, servicios, social. Actividades productivas. Infraestructura: transporte.;Todos los usos de suelo no mencionados como permitidos;Publicacion PRC Concepcion. Decreto Alc. N°148. Fecha promulgacion 05.06.2004. Fecha publicacion D.O. 22.04.2004.;;;Alto nonguen;PRC_Concepcion
197-20;Talcahuano;BB;ZH-6;ZH-6 Zona residencial;Residencial. Equipamiento: cientifico, comercio, culto y cultura, deporte, educacion, esparcimiento, salud, seguridad. servicios, social. Infraestructura: transporte. Area verde.;Todos los usos de suelo no mencionados como permitidos;31/01/2006;Decreto 247;;Talcahuano;PRC_Talcahuano
1352-23;Concepcion;BB;AV;AV Área verde;Area verde.;Todos los usos de suelo no mencionados como permitidos;Publicacion PRC Concepcion. Decreto Alc. N°148. Fecha promulgacion 05.06.2004. Fecha publicacion D.O. 22.04.2004.;;;Areas verdes;PRC_Concepcion
145-23;Concepcion;BB;HR2;HR2 Zona habitacional de renovación;Residencial. Equipamiento: cientifico, comercio, culto y cultura, deporte, educacion, esparcimiento, salud, seguridad, servicios, social. Actividades productivas.;Todos los usos de suelo no mencionados como permitidos;Publicacion PRC Concepcion. Decreto Alc. N°148. Fecha promulgacion 05.06.2004. Fecha publicacion D.O. 22.04.2004.;;;Centro oriente;PRC_Concepcion
64-24;Concepcion;BB;AV;AV Área verde;Area verde.;Todos los usos de suelo no mencionados como permitidos;Publicacion PRC Concepcion. Decreto Alc. N°148. Fecha promulgacion 05.06.2004. Fecha publicacion D.O. 22.04.2004.;;;Areas verdes;PRC_Concepcion
104-12;Talcahuano;BB;ZH-5;ZH-5 Zona residencial;Residencial. Equipamiento: cientifico, comercio, culto y cultura, deporte, educacion, esparcimiento, salud, seguridad. servicios, social. Infraestructura: transporte. Area verde.;Todos los usos de suelo no mencionados como permitidos;31/01/2006;Decreto 247;;Talcahuano;PRC_Talcahuano
3812-1;Santiago;RM;B;Zona B;"Residencial, vivienda y hospedaje; Equipamiento de todo tipo, con excepciones indicadas en a.2.1); Actividad productiva; Infraestructura de transporte y sanitaria, con excepciones; Espacio público; Área verde. Mayor detalle en Ordenanza";;27/01/1990;Resolución 26;uso prohibido no capturado (fusion captura 1);;PRC_Santiago
5110-1;San Joaquin;RM;ZU2a;Zona Residencial de Densidad Baja A;"Residencial: vivienda, hospedaje, hogares de acogida; Equipamiento: científico, comercio, culto y cultura, deporte, educación, esparcimiento, salud, seguridad, servicios, social; Actividades Productivas; talleres, almacenaje y bodegaje calificados como inofensivos; Espacio Público; Área Verde. El detalle de las actividades permitidas se encuentran en la Ordenanza";"Equipamiento: comercio (algunas actividades), culto y cultura (algunas actividades), deporte (algunas actividades), educación (algunas actividades), esparcimiento (algunas actividades), salud (algunas actividades), seguridad (algunas actividades); Actividades Productivas: industrias, talleres, almacenamiento y bodegaje (molestas, contaminantes o insalubres y peligrosas); Infraestructura. El detal*";06/11/2019;Decreto 2838;;San Joaquín;PRC_San_Joaquín
1010-3;San Joaquin;RM;AVI (1);Parques Intercomunales 1;Corresponden a las áreas planificadas por el Plan Regulador Metropolitano de Santiago según lo señalado en su ordenanza, destinadas a áreas verdes de uso público, y regidas en conformidad a lo dispuesto en el artículo 59 de la Ley General de Urbanismo y Construcciones;;06/11/2019;Decreto 2838;;San Joaquín;PRC_San_Joaquín
2150-1;Independencia;RM;EQ;Zona EQ Equipamiento de Salud;"Equipamiento: científico, comercio, culto y cultura, educación, salud, servicios, social; área verde; espacio público. Para mayor detalle revisar ordenanza.";;08/01/2005;Resolución 104;uso prohibido no capturado (fusion captura 1);;PRC_Independencia
12681-1;San Pedro De La Paz;BB;ZM-1;ZM-1 Zona mixta;Residencial. Equipamiento: cientifico, comercio, culto y cultura, deporte, educacion, esparcimiento, salud, seguridad, servicios, social. Actividades productivas.;Todos los usos de suelo no mencionados como permitidos.;Publicacion PRC San Pedro de la Paz. Decreto Alc. N°310. Fecha de promulgacion 10.03.2011. Fecha de publicacion D.O. 24.03.2011.;;;San Pedro de la Paz;PRC_San_Pedro_de_la_Paz
334-910 - 334-911 - 334-912;Padre Hurtado;RM;AV;Áreas Verdes;Áreas Verdes;Todos los no incluidos como permitidos.;04/02/2005;Resolución 92;;Padre Hurtado;PRC_Padre_Hurtado
2360-14/2360-19;Vina Del Mar;VA;V7;Zona V7;Residencial. Equipamiento de: comercio, culto, cultura, deporte, educación, esparcimiento, salud, seguridad, servicios, salud. Actividades productivas inofensivas. Infraestructura, espacio público y áreas verdes. Más detalle en Ordenanza.;Todos los no mencionados como permitidos.;17/12/1980;Decreto 329;;Viña del Mar;PRC_Vina_del_Mar
2282-29, 2282-30, 2282-31 Y 2282-32;Vina Del Mar;VA;V7;Zona V7;Residencial. Equipamiento de: comercio, culto, cultura, deporte, educación, esparcimiento, salud, seguridad, servicios, salud. Actividades productivas inofensivas. Infraestructura, espacio público y áreas verdes. Más detalle en Ordenanza.;Todos los no mencionados como permitidos.;17/12/1980;Decreto 329;;Viña del Mar;PRC_Vina_del_Mar
708-1;Vina Del Mar;VA;I;Zona I;Residencial (vivienda del cuidador). Equipamiento de: comercio, culto, cultura, deporte, seguridad, servicios. Actividades productivas inofensivas y/o molestas. Infraestructura, espacio público y áreas verdes. Más detalle en Ordenanza.;Todos los no mencionados como permitidos.;17/12/1980;Decreto 329;;Viña del Mar;PRC_Vina_del_Mar
1107-1/1107-13/1107-14/1107-15/1107-16/1107-17;Valparaiso;VA;ZCHAB;Zona ZCHAB;Residencial. Equipamiento de: comercio, culto y cultura, deporte, salud, educación, turismo y esparcimiento, seguridad, servicios de utilidad pública. Actividades productivas inofensivas, infraestructura. Más detalle en Ordenanza.;Todos los no indicados como permitidos y específicamente de antenas y torres de telefonía celular.;17/04/1984;Decreto 26;;Valparaíso;PRC_Valparaiso
2466-461/2466-468/2466-469;Vina Del Mar;VA;V7;Zona V7;Residencial. Equipamiento de: comercio, culto, cultura, deporte, educación, esparcimiento, salud, seguridad, servicios, salud. Actividades productivas inofensivas. Infraestructura, espacio público y áreas verdes. Más detalle en Ordenanza.;Todos los no mencionados como permitidos.;17/12/1980;Decreto 329;;Viña del Mar;PRC_Vina_del_Mar
6003-1;Valparaiso;VA;ZCH-DR;ZCH-DR;Residencial. Equipamiento de: comercio, oficinas, salud, educación, seguridad, comunitario y recreativo. Espacio público de áreas verdes y vialidad. Actividades productivas inofensivas.;Todos los no mencionados como permitidos.;17/04/1984;Decreto 26;;Valparaíso;PRC_Valparaiso
4303-6;Cartagena;VA;Z3;Zona Z3;Vivienda, equipamiento, industria y almacenamiento inofensivo.;Industria y almacenamiento molesto, insalubre y peligroso.;;;;Cartagena;PRC_Cartagena
8295-1;San Antonio;VA;ZM2;ZM2 Zona Mixta 2;Residencial, equipamiento: científico, comercial, deporte, educación, esparcimiento, salud, seguridad, social, servicio, infraestructura sanitaria y energética, área verde y espacio público. Para mayor especificación revisar Ordenan;Todos los usos de suelo no mencionados como permitidos. Para mayor especificación se debe revisar la Ordenanza de dicho instrumento de planificación territorial.;;;;San Antonio;PRC_San_Antonio
2360-9;Vina Del Mar;VA;V7;Zona V7;Residencial. Equipamiento de: comercio, culto, cultura, deporte, educación, esparcimiento, salud, seguridad, servicios, salud. Actividades productivas inofensivas. Infraestructura, espacio público y áreas verdes. Más detalle en Ordenanza.;Todos los no mencionados como permitidos.;17/12/1980;Decreto 329;;Viña del Mar;PRC_Vina_del_Mar
17-1/17-2;Valparaiso;VA;A1;Zona A1;"Tipo de actividades productivas: portuario, pesquero; bodegas inofensivas y molestas incluyendo acopio de contenedores; talleres artesanales inofensivos y molestos. Equipamiento de: comercio, oficinas y recreativo. Espacios públicos.";Todos los no mencionados como permitidos.;17/04/1984;Decreto 26;;Valparaíso;PRC_Valparaiso
3110-5;Valparaiso;VA;ZCHLF;Zona ZCHLF;Residencial. Equipamiento de: comercio, educación, culto y cultura, deporte, salud, seguridad y servicios. Actividades productivas inofensivas.. Infraestructura ya existente sin amplificaciones futuras. Espacio público y áreas verdes.;Equipamiento no mencionado como permitidos, actividades productivas molestas o peligrosas. Más detalle revisar Ordenanza.;17/04/1984;Decreto 26;;Valparaíso;PRC_Valparaiso
1319-1;Valparaiso;VA;ZEE;Zona ZEE;Equipamiento científico, deporte, cultura, esparcimiento, salud (sólo para Cementerio Municipal y Cementerios Parques). Espacio público y áreas verdes.;Todos los no mencionados como permitidos y expresamente la vivienda, salvo como habitación del propietario o cuidador. Actividades productivas como molestas, insalubres, contaminantes o peligrosas. Más detalle en Ordenanza.;17/04/1984;Decreto 26;;Valparaíso;PRC_Valparaiso
783-2;Quilpue;VA;ZR4;Habitacional, densidad media, baja altura;"Residencial: Vivienda, Hospedaje, Hogares de acogida; Equipamiento: Comercio, Culto y Cultura, Deporte, Educación, Salud, Seguridad, Servicios, Social; Infraestructura: Transporte; Espacio Público; Área Verde. Para ver en detalle las actividades pemitidas";Todos los no señalados como permitidos;26-07-2019;Decreto 2732;;Quilpué;PRC_Quilpue
1502-593;Vina Del Mar;VA;AV;Zona AV;Espacio público, áreas verdes (parques, plazas y jardines).;Todo tipo de uso residencial y además todos los no mencionados como permitidos.;17/12/1980;Decreto 329;;Viña del Mar;PRC_Vina_del_Mar
2380-22;Vina Del Mar;VA;E5;Zona E5;Residencial. Equipamiento de: comercio, culto, cultura, deporte, educación, esparcimiento, salud, seguridad, servicios, social. Actividades productivas inofensivas, infraestructura de transporte. Espacio público y áreas verdes.;Todos los no mencionados como permitidos.;17/12/1980;Decreto 329;;Viña del Mar;PRC_Vina_del_Mar
2045-1;Valparaiso;VA;ZCHLF;Zona ZCHLF;Residencial. Equipamiento de: comercio, educación, culto y cultura, deporte, salud, seguridad y servicios. Actividades productivas inofensivas.. Infraestructura ya existente sin amplificaciones futuras. Espacio público y áreas verdes.;Equipamiento no mencionado como permitidos, actividades productivas molestas o peligrosas. Más detalle revisar Ordenanza.;17/04/1984;Decreto 26;;Valparaíso;PRC_Valparaiso
1223-18;Vina Del Mar;VA;V10/RU-3;Zona V10/RU-3;Residencial. Equipamiento de: comercio,científico, culto, cultura, deporte, educación, salud, servicios, social, infraestructura transportes. Espacio público y áreas verdes. Más detalle revisar Ordenanza.;Todos los no mencionados como permitidos.;17/12/1980;Decreto 329;;Viña del Mar;PRC_Vina_del_Mar
6815-8;San Antonio;VA;ZM2;ZM2 Zona Mixta 2;Residencial, equipamiento: científico, comercial, deporte, educación, esparcimiento, salud, seguridad, social, servicio, infraestructura sanitaria y energética, área verde y espacio público. Para mayor especificación revisar Ordenan;Todos los usos de suelo no mencionados como permitidos. Para mayor especificación se debe revisar la Ordenanza de dicho instrumento de planificación territorial.;;;;San Antonio;PRC_San_Antonio
6114-9;Valparaiso;VA;ZCH-DR;ZCH-DR;Residencial. Equipamiento de: comercio, oficinas, salud, educación, seguridad, comunitario y recreativo. Espacio público de áreas verdes y vialidad. Actividades productivas inofensivas.;Todos los no mencionados como permitidos.;17/04/1984;Decreto 26;;Valparaíso;PRC_Valparaiso
1001-43/1001-44/1001-45/1001-46/1001-47/1001-48/1001-49;Cartagena;VA;E;Zona E Zona de Restricción de playas;Sólo se permitirán las instalaciones complementarias a las actividades recreativas de playa: sombreaderos, kioskos, vestidores, muelles y otros similares.;Todos aquellos no señalados precedentemente.;;;;Cartagena;PRC_Cartagena
39-8;Valparaiso;VA;ZCHA;Zona ZCHA;Residencial. Equipamiento de: comercio, culto y cultura, deporte, salud, educación, seguridad y servicios. Actividades productivas inofensivas asimilables a equipamiento de comercio o servicios. Infraestructura. Más detalle en Ordenanza.;Vivienda en 1° piso, seguridad (cárceles y centros de detención), actividades productivas molestas o peligrosas. Más detalle revisar Ordenanza.;17/04/1984;Decreto 26;;Valparaíso;PRC_Valparaiso
2284-16;Vina Del Mar;VA;V7;Zona V7;Residencial. Equipamiento de: comercio, culto, cultura, deporte, educación, esparcimiento, salud, seguridad, servicios, salud. Actividades productivas inofensivas. Infraestructura, espacio público y áreas verdes. Más detalle en Ordenanza.;Todos los no mencionados como permitidos.;17/12/1980;Decreto 329;;Viña del Mar;PRC_Vina_del_Mar
2469-954;Vina Del Mar;VA;V7;Zona V7;Residencial. Equipamiento de: comercio, culto, cultura, deporte, educación, esparcimiento, salud, seguridad, servicios, salud. Actividades productivas inofensivas. Infraestructura, espacio público y áreas verdes. Más detalle en Ordenanza.;Todos los no mencionados como permitidos.;17/12/1980;Decreto 329;;Viña del Mar;PRC_Vina_del_Mar
35-21;Vina Del Mar;VA;E7-C1;Zona E7-C1;Residencial. Equipamiento de comercio, culto, cultura, deporte, educacion, esparcimiento, salud, seguridad, servicios, social. Espacio publico y área verde;Se prohibe expresamente:  estacion de servicio automotriz;17/12/1980;Decreto 329;;Población Vergara;PRC_Vina_del_Mar
663-25;Quilpue;VA;ZR8;Habitacional, densidad baja, baja altura;"Residencial: Vivienda, Hospedaje, Hogares de acogida; Equipamiento: Comercio, Culto y Cultura, Deporte, Educación, Esparcimiento, Salud, Seguridad, Servicios, Social; Infraestructura; Espacio Público; Área Verde. Para ver en detalle las actividades pemiti";Todos los no señalados como permitidos;26-07-2019;Decreto 2732;;Quilpué;PRC_Quilpue
8157-1;San Antonio;VA;ZR2;ZR2 Zona residencial 2;"Residencial; equipamiento científico, comercial, culto y cultura, deportivo, educacional, esparcimiento, salud, seguridad, servicio, taller artesanal inofensivo, terminal externo y est. intercambio modal, áreas verdes y espacios públic";Todos los usos de suelo no mencionados como permitidos. Para mayor especificación se debe revisar la Ordenanza de dicho instrumento de planificación territorial.;;;;San Antonio;PRC_San_Antonio
366-15;Vina Del Mar;VA;E5;Zona E5;Residencial. Equipamiento de: comercio, culto, cultura, deporte, educación, esparcimiento, salud, seguridad, servicios, social. Actividades productivas inofensivas, infraestructura de transporte. Espacio público y áreas verdes.;Todos los no mencionados como permitidos.;17/12/1980;Decreto 329;;Viña del Mar;PRC_Vina_del_Mar
93-2;Villa Alemana;VA;AV1;AV1 Áreas especiales;Equipamiento de áreas libres, de esparcimiento regional y áreas verdes.;Todos los no señalados como permitidos.;;;;Villa Alemana;PRC_Villa_Alemana
8103-38 Y 8103-1;Valparaiso;VA;ZCHPyE;Zona de Conservación Histórica Cerros Placeres y Esperanza;"Residencia: vivenda: hospedaje; Equipamiento: se permiten solo los actualmente existentes; Act. Productiva: inofensivas del comercio existente; Infraestructura: solamente las existenes; Espacio Público y Áreas Verdes. Para mayor detalle revisar ordenanza local";"Residencial: hoteles; Equipamiento: todos los no indicados en la memoria; Act. Productiva: las que no son parte de la memoria; Infraestructura: todas las que no son parte de la memoria";21/03/2005;Decreto 205;;Valparaíso;PRC_Valparaiso
SIN ROL;Penalolen;RM;S.M.1;Zona S.M.1;"Vivienda; Equipamiento, con la excepción de los expresamente excluido; Transporte, con la excepción de los indicados en usos excluidos";"Cementerio, planta y botadero basura, base militar, cuartel, cárcel, zoológico, terminal de distribución, taller molesto; Terminal rodoviario, agropecuario, pesquero, dep. 3 o más buses; Industria inofensivo, molesta, insalubre";27/07/1989;Decreto 55;55 de fecha 28.04.89/ D.O. 27.07.89;Peñalolen;PRC_Peñalolén
143-0001;Concepcion;BB;C2;C2 Centro de servicios y equipamiento;Residencial. Equipamiento: cientifico, comercio, culto y cultura, deporte, educacion, esparcimiento, salud, seguridad, servicios, social. Actividades productivas.;Todos los usos de suelo no mencionados como permitidos;Publicacion PRC Concepcion. Decreto Alc. N°148. Fecha promulgacion 05.06.2004. Fecha publicacion D.O. 22.04.2004.;;;Centro;PRC_Concepcion
177-5;Concepcion;BB;AV;AV Área verde;Area verde.;Todos los usos de suelo no mencionados como permitidos;Publicacion PRC Concepcion. Decreto Alc. N°148. Fecha promulgacion 05.06.2004. Fecha publicacion D.O. 22.04.2004.;;;Areas verdes;PRC_Concepcion
2823-24;San Antonio;VA;ZM3;ZM3 Zona Mixta 3;Residencial, equipamiento: científico, comercial, culto y cultura, deporte, educación,  esparcimiento, salud, seguridad, social, servicio, infraest. sanitaria, áreas verdes y espacios públicos. Para mayor especificación revisar Orden;Todos los usos de suelo no mencionados como permitidos. Para mayor especificación se debe revisar la Ordenanza de dicho instrumento de planificación territorial.;;;;San Antonio;PRC_San_Antonio
2360-8/2360-17/2360-18;Vina Del Mar;VA;E5;Zona E5;Residencial. Equipamiento de: comercio, culto, cultura, deporte, educación, esparcimiento, salud, seguridad, servicios, social. Actividades productivas inofensivas, infraestructura de transporte. Espacio público y áreas verdes.;Todos los no mencionados como permitidos.;17/12/1980;Decreto 329;;Viña del Mar;PRC_Vina_del_Mar
615-1/612-3/612-4;Vina Del Mar;VA;AV;Zona Jardines Ladera;Jardines y laderas.;Todos los no mencionados como permitidos.;;;;Cerro Castillo;Seccional_Vina_del_Mar_Cerro_Castillo
335-34/335-9;El Tabo;VA;Z7;Zona Z7;"Vivienda; equipamiento de área verdes, deporte, campamentos turísticos; almacenamiento de tipo inofensivo, establecimientos de impacto similar de tipo inofensivo, servicios artesanales. Mayor detalle en ordenanza.";Todos aquellos no señalados como permitidos.;;;;El Tabo;PRC_El_Tabo
1530-1;San Antonio;VA;ZM2;ZM2 Zona Mixta 2;Residencial, equipamiento: científico, comercial, deporte, educación, esparcimiento, salud, seguridad, social, servicio, infraestructura sanitaria y energética, área verde y espacio público. Para mayor especificación revisar Ordenan;Todos los usos de suelo no mencionados como permitidos. Para mayor especificación se debe revisar la Ordenanza de dicho instrumento de planificación territorial.;;;;San Antonio;PRC_San_Antonio
229-8;Villa Alemana;VA;AV3;AV3 Áreas especiales;Equipamiento de áreas libres, esparcimiento regional y áreas verdes.;Todos los no señalados como permitidos.;;;;Villa Alemana;PRC_Villa_Alemana
1099-9;Cartagena;VA;E2;Zona E2 Protección Esteros Restricción;No se permite ningún uso. Corresponderá a una faja de 20 m. mínimo medidos a cada lado del eje.;No específica la Ordenanza.;;;;Cartagena;PRC_Cartagena
213-3;Valparaiso;VA;ZCHAL-V;ZCHAL-V Zona de Conservación Histórica Almendral Victoria;"Vivienda; Comercio; Oficinas; áreas Verdes, Vialidad; Equipamiento de: Educación, Culto, Cultura, Salud, Seguridad, Organizaciones Comunitarias, Deportes, Esparcimientos, Turismo. Más detalle revisar Ordenanza.";Todos los no mencionados como permitidos.;17/04/1984;Decreto 26;;Valparaíso;PRC_Valparaiso
73-1;Valparaiso;VA;ZCHAL-B;Zona ZCHAL-B;Vivienda, comercio, oficinas ,áreas verdes, vialidad. Equipamiento de: educación, culto, cultura, salud, seguridad, deporte, esparcimiento, turismo, bombas de bencina, servicios, industrias y bodegas inofensivas. Más detalle en Ordenanza.;Todos los no mencionados como permitidos y específicamente: equipamiento de actividad comercial y servicios artesanales en espacios abiertos y terminales de buses.;17/04/1984;Decreto 26;;Valparaíso;PRC_Valparaiso
670-264 Y 670-265;El Tabo;VA;Z3;Zona Z3;"Vivienda; equipamiento de áreas verdes, esparcimeinto y turismo (sólo hoteles, moteles y campings) interubana; actividades productivas, servicios artesanales de todos tipo.  Mayor detalle en ordenanza.";Todos aquellos no señalados como permitidos.;;;;El Tabo;PRC_El_Tabo
SIN ROL;Chiguayante;BB;ZU3-B;ZU3-B Zona residencial;Residencial. Equipamiento: cientifico, comercio, culto y cultura, deporte, educacion, esparcimiento, salud, seguridad, servicios, social. Actividades productivas. Espacio publico. Area verde.;Todos los usos de suelo no mencionados como permitidos.;9° Modificacion PRC Chiguayante. Decreto Alc. N°333. Fecha de promulgacion 09.02.2018. Fecha de publicacion D.O. 16.03.2018.;;;Chiguayante;PRC_Chiguayante
1571-3;Nunoa;RM;Área de restricción;;;;27/10/1989;Decreto 129;uso prohibido no capturado (fusion captura 1);;PRC_Ñuñoa_AP
5396-2;Recoleta;RM;Zona de riesgo No Edificable;Zona de riesgo No Edificable;Equipamiento intercomunal, comunal y vecinal de: áreas verdes y deporte, culto, cultura, esparcimientto y turismo al aire libre, como usos complementarios al principal de área verde.;;08/01/2005;Resolución 104;uso prohibido no capturado (fusion captura 1);;PRC_Recoleta
2576-1 - 2576-13 - 2576-14;Recoleta;RM;Área Norte y Oriente;Área Norte y Oriente;"Residencial: vivienda y hospedaje; Equipamientode  todas las clases y escalas establecidas con excepción de los prohibidos; Actividades Producuctiva, almacenamiento: bodega; Espacio Público; Área verde. Detalle en Ordenanza.";;08/01/2005;Resolución 104;uso prohibido no capturado (fusion captura 1);;PRC_Recoleta
6403-1;Nunoa;RM;Z-4m;Z-4m;Residencial, Equipamientos: revisar ordenanza;;27/10/1989;Decreto 129;uso prohibido no capturado (fusion captura 1);;PRC_Ñuñoa
710-33;La Florida;RM;U-VEV4;U-VEV4 Zona de Vivienda y Equipamiento Vecinal N°4;"Residencial; equip. de comercio, culto, deporte, educación, esparcimiento, salud, seguridad, servicios, social, oficina y turismo; act. productiva peligrosa, contaminante y molesta; infr. de transporte; espacio público y áreas verdes.";Todo uso no mencionado como permitido.;17/09/2001;Resolución 47;;La Florida;PRC_La_Florida
3930-2;Lo Espejo;RM;ZU-8;ZU-8 Zona Deportiva y recreacional;"Equipamiento comercial local y deporte intercomunal; infraestructura de transporte; espacio público y áreas verde.";"Residencial; equipamiento no mencionado anteriormente; actividad productiva; infraestructura sanitaria, energética y pesca.";07/08/2004;Decreto 2891;;La Cisterna;PRC_La_Cisterna
4065-10;Lo Barnechea;RM;ZM-2;;;;04/09/2002;Decreto 1295;uso prohibido no capturado (fusion captura 1);;PRC_Lo_Barnechea
793-11;La Florida;RM;U-VEV3;U-VEV3 Zona de Vivienda y Equipamiento Vecinal N°3;"Residencial; equipamiento de comercio, culto, deporte, educación, esparcimiento, salud, seguridad, servicios, social, oficina y turismo; espacio público y áreas verdes.";Todo uso no mencionado como permitido.;17/09/2001;Resolución 47;;La Florida;PRC_La_Florida
1012-256;Santiago;RM;B;Zona B;"Residencial, vivienda y hospedaje; Equipamiento de todo tipo, con excepciones indicadas en a.2.1); Actividad productiva; Infraestructura de transporte y sanitaria, con excepciones; Espacio público; Área verde. Mayor detalle en Ordenanza";;27/01/1990;Resolución 26;uso prohibido no capturado (fusion captura 1);;PRC_Santiago
1101-2;La Florida;RM;U-VEV4;U-VEV4 Zona de Vivienda y Equipamiento Vecinal N°4;"Residencial; equip. de comercio, culto, deporte, educación, esparcimiento, salud, seguridad, servicios, social, oficina y turismo; act. productiva peligrosa, contaminante y molesta; infr. de transporte; espacio público y áreas verdes.";Todo uso no mencionado como permitido.;17/09/2001;Resolución 47;;La Florida;PRC_La_Florida
5513-187;La Reina;RM;C;C Zona Residencial con Equipamiento Restringido;"Residencial; equipamiento de comercio, culto y cultura, deporte, educación, salud, esparcimiento, seguridad, servicios y social; espacio público y áreas verdes. Para mayor detalle revisar ordenanza.";;22/11/2001;Resolución 65;uso prohibido no capturado (fusion captura 1);;PRC_La_Reina
356-1;San Ramon;RM;Zona 6;Zona 6 Quintas Residenciales 800 m2;Residencial, además de establecimientos comerciales, o industriales agropecuarios con autorización especial de la Municipalidad.;Todo uso no mencionado como permitido, en especial la instalación de industrias y artesanías.;22/06/1952;Decreto 1469;;San Ramón;PRC_San_Ramón
4246-26;San Miguel;RM;Z-5;Z-5 Mixto;"Vivienda y hospedaje; Equipamiento de comercio, servicio, culto y cultura, esparcimiento, seguridad, educación, salud, deportivo, social; Talleres, industria inofensiva; Infraestructura de transporte, energética; Áreas verdes. Mayor detalle en Ordenan";"Equipamiento, mayor detalle en ordenanza; Actividad productiva, establecimientos industriales inofensivos, peligrosos, insalubres o contaminantes; infraestructura de transporte y sanitaria, Mayor detalle en Ordenanza.";25/11/2016;Decreto 2500;;San Miguel;PRC_San_Miguel
1079-2;Puente Alto;RM;H2;H2 Zona de Residencial y Equipamiento;"Residencial; equipamiento de comercio, culto, deporte,  educación, salud, seguridad, servicio, social y oficina; infraestructura de transporte y sanitaria; espacio público y áreas verdes.";"Equipamiento de esparcimiento; actividad productiva; infraestructura energética y de pesca.";25/04/2003;Decreto 423;;Puente Alto;PRC_Puente_Alto
963-5;Santiago;RM;IPI;IPI Zonas PRMS;Segun Plan Regulador Metropolitano de Santiago;;29/09/1993;Decreto 301;uso prohibido no capturado (fusion captura 1);;PRC_Estacion_Central
12292-76;La Florida;RM;U-VEV3;U-VEV3 Zona de Vivienda y Equipamiento Vecinal N°3;"Residencial; equipamiento de comercio, culto, deporte, educación, esparcimiento, salud, seguridad, servicios, social, oficina, turismo; espacio público y áreas verdes.";Todo uso no mencionado como permitido.;17/09/2001;Resolución 47;;La Florida;PRC_La_Florida
5082-9;Estacion Central;RM;IPX;IPX Zonas seccionales;Segun seccional comunal;;29/09/1993;Decreto 301;uso prohibido no capturado (fusion captura 1);;PRC_Estacion_Central
1233-188;Vitacura;RM;R-2;R-2 Área de Resguardo Aerodromo Municipal de las Condes;Revisar ordenanza por zonas restringidas al desarrollo urbano;;30/12/1999;Resolución 59;uso prohibido no capturado (fusion captura 1);;PRC_Vitacura_Área_de_riesgo
5843-1, 5843-2, 5843-3, 5843-4, 5843-7, 5843-8, 5843-9, 5843-10, 5843-11 Y 5843-12;San Miguel;RM;AR1;AR1 Área de protección de canales;No podrán ejecutarse edificaciones, que incluyen además dos franjas libre de protección de 3 metros a cada lado de los mismos, no obstante lo cual, en  dichas franjas laterales pueden realizarse obras de infraetsructura sanitaria y energética.;Para mayor detalle revisar ordenanza municipal;25/11/2016;Decreto 2500;;San Miguel;PRC_San_Miguel_área_de_riesgo
3095-91;La Florida;RM;U-VEV3;U-VEV3 Zona de Vivienda y Equipamiento Vecinal N°3;"Residencial; equipamiento de comercio, culto, deporte, educación, esparcimiento, salud, seguridad, servicios, social, oficina, turismo; espacio público y áreas verdes.";Todo uso no mencionado como permitido.;17/09/2001;Resolución 47;;La Florida;PRC_La_Florida
838-905;San Joaquin;RM;ZU6;Zona Residencial Mixta de Densidad Media;"Residencial: vivienda, hospedaje, hogares de acogida; Equipamiento: científico, comercio, culto y cultura, deporte, educación, esparcimiento, salud, seguridad, servicios, social; Actividades Productivas; industria, talleres, almacenaje y bodegaje calificados como inofensivas; Espacio Público; Área Verde. El detalle de las actividades permitidas se encuentran en la Ordenanza";"Residencial: hospedaje (algunas actividades); Equipamiento: comercio (algunas actividades), deporte (algunas actividades), esparcimiento (algunas actividades), salud (algunas actividades), seguridad (algunas actividades); Actividades Productivas: industrias, talleres, almacenamiento y bodegaje calificados como molestas, contaminantes o insalubres y peligrosas; Infraestructura. El detalle de las a*";06/11/2019;Decreto 2838;;San Joaquín;PRC_San_Joaquín
5271-1;La Granja;RM;ZH-3;ZH-3 Zona Residencial Densidad Baja;"Residencial, equipamiento comercial local, culto, deporte,  educación, salud, seguridad, servicios, social, oficina y científico; infraestructura sanitaria y energética; actividad productiva inofensiva; espacio público y áreas verdes.";"Equipamiento de esparcimiento, turismo y cementerio; actividad productiva peligrosa, molesta y contaminante; infraestructura de transporte.";27/12/2012;Decreto 4039;;La Granja;PRC_La_Granja
4705-11;La Reina;RM;C;C Zona Residencial con Equipamiento Restringido;"Residencial; equipamiento de comercio, culto y cultura, deporte, educación, salud, esparcimiento, seguridad, servicios y social; espacio público y áreas verdes. Para mayor detalle revisar ordenanza.";;22/11/2001;Resolución 65;uso prohibido no capturado (fusion captura 1);;PRC_La_Reina
53-24;Nunoa;RM;Área de restricción;;;;27/10/1989;Decreto 129;uso prohibido no capturado (fusion captura 1);;PRC_Ñuñoa_AP
201-7;Santiago;RM;A;Zona A;"Residencial; Equipamiento de todo tipo, con excepciones; Actividad productiva, talleres artesanales verl Art. 9 y códigos CIIU N°2; Infraestructura de transporte y sanitaria; Espacio público; Área verde. Mayor detalle en Ordenanza";;27/01/1990;Resolución 26;uso prohibido no capturado (fusion captura 1);;PRC_Santiago
8163-1;Macul;RM;ZR-8;Zona Residencial, Densidad Baja;"Residencial: Vivienda unifamiliar, edificaciones colectivas, conjuntos de viciendas; Equipamientos: Comercio, culto y cultura, deporte, educación, salud, seguridad, servicios, social.Detalle de actividades de las clases de equipamiento ver en Ordenz*";Equipamiento: Científico, establecimientos de investigación, divulgación y formación científica. Comercio, grandes tiendas, mercados, estaciones o centros de servicios automotor, fuente de soda, bares, discotecas, similares. Culto y cultura, catedra*;08/05/2004;Decreto 552;;Macul;PRC_Macul
5307-8;La Granja;RM;ZAV-2;ZAV-2 Zona de Áreas Verdes Comunales;Espacio público y áreas verdes.;Todo uso no mencionado como permitido.;27/12/2012;Decreto 4039;;La Granja;PRC_La_Granja
5274-20;La Granja;RM;ZAV-2;ZAV-2 Zona de Áreas Verdes Comunales;Espacio público y áreas verdes.;Todo uso no mencionado como permitido.;27/12/2012;Decreto 4039;;La Granja;PRC_La_Granja
15180-223;El Bosque;RM;LM;Zona SECCIONAL LO MORENO;"Residencial; equipamiento; actividad productiva.";Todo uso no mencionado como permitido.;18/10/1983;Decreto 110;;El Bosque;PRC_El_Bosque
4818-1;San Joaquin;RM;AV;Plazas y Parques Existentes;Corresponden a plazas, parques y áreas verdes públicas, en su calidad de bienes nacionales de uso público existentes, las que se rigen por lo dispuesto en la OGUC para el tipo de uso Espacio Público;;06/11/2019;Decreto 2838;;San Joaquín;PRC_San_Joaquín
438-88;Santiago;RM;B;Zona B;"Residencial, vivienda y hospedaje; Equipamiento de todo tipo, con excepciones indicadas en a.2.1); Actividad productiva; Infraestructura de transporte y sanitaria, con excepciones; Espacio público; Área verde. Mayor detalle en Ordenanza";;27/01/1990;Resolución 26;uso prohibido no capturado (fusion captura 1);;PRC_Santiago
751-43;La Florida;RM;U-VEV3;U-VEV3 Zona de Vivienda y Equipamiento Vecinal N°3;"Residencial; equipamiento de comercio, culto, deporte, educación, esparcimiento, salud, seguridad, servicios, social, oficina y turismo; espacio público y áreas verdes.";Todo uso no mencionado como permitido.;17/09/2001;Resolución 47;;La Florida;PRC_La_Florida
317-22;Padre Hurtado;RM;B1;B1 Zona Corredor Mixto Regional 450 Hab/há;"Equipamiento Mayor, mediano, menor y/o básico científico, comercio, culto y cultura, deporte, educación, esparcimiento, salud, seguridad, servicios y social; vivienda; espacio público y áreas verdes.";Todos los no incluidos como permitidos, además de cementerios, crematorios, cárceles y centros de detención.;04/02/2005;Resolución 92;;Padre Hurtado;PRC_Padre_Hurtado
5238-1;La Granja;RM;ZAV-2;ZAV-2 Zona de Áreas Verdes Comunales;Espacio público y áreas verdes.;Todo uso no mencionado como permitido.;27/12/2012;Decreto 4039;;La Granja;PRC_La_Granja
5443-13;San Joaquin;RM;ZU2a;Zona Residencial de Densidad Baja A;"Residencial: vivienda, hospedaje, hogares de acogida; Equipamiento: científico, comercio, culto y cultura, deporte, educación, esparcimiento, salud, seguridad, servicios, social; Actividades Productivas; talleres, almacenaje y bodegaje calificados como inofensivos; Espacio Público; Área Verde. El detalle de las actividades permitidas se encuentran en la Ordenanza";"Equipamiento: comercio (algunas actividades), culto y cultura (algunas actividades), deporte (algunas actividades), educación (algunas actividades), esparcimiento (algunas actividades), salud (algunas actividades), seguridad (algunas actividades); Actividades Productivas: industrias, talleres, almacenamiento y bodegaje (molestas, contaminantes o insalubres y peligrosas); Infraestructura. El detal*";06/11/2019;Decreto 2838;;San Joaquín;PRC_San_Joaquín
1210-7;Nunoa;RM;Z-4C;Z-4C;Residencial, Equipamientos: revisar ordenanza;;27/10/1989;Decreto 129;uso prohibido no capturado (fusion captura 1);;PRC_Ñuñoa
109-736;Santiago;RM;A;Zona A;"Residencial; Equipamiento de todo tipo, con excepciones; Actividad productiva, talleres artesanales verl Art. 9 y códigos CIIU N°2; Infraestructura de transporte y sanitaria; Espacio público; Área verde. Mayor detalle en Ordenanza";;27/01/1990;Resolución 26;uso prohibido no capturado (fusion captura 1);;PRC_Santiago
109-744;Santiago;RM;A;Zona A;"Residencial; Equipamiento de todo tipo, con excepciones; Actividad productiva, talleres artesanales verl Art. 9 y códigos CIIU N°2; Infraestructura de transporte y sanitaria; Espacio público; Área verde. Mayor detalle en Ordenanza";;27/01/1990;Resolución 26;uso prohibido no capturado (fusion captura 1);;PRC_Santiago
109-737;Santiago;RM;A;Zona A;"Residencial; Equipamiento de todo tipo, con excepciones; Actividad productiva, talleres artesanales verl Art. 9 y códigos CIIU N°2; Infraestructura de transporte y sanitaria; Espacio público; Área verde. Mayor detalle en Ordenanza";;27/01/1990;Resolución 26;uso prohibido no capturado (fusion captura 1);;PRC_Santiago
2835-9;Santiago;RM;B;Zona B;"Residencial, vivienda y hospedaje; Equipamiento de todo tipo, con excepciones indicadas en a.2.1); Actividad productiva; Infraestructura de transporte y sanitaria, con excepciones; Espacio público; Área verde. Mayor detalle en Ordenanza";;27/01/1990;Resolución 26;uso prohibido no capturado (fusion captura 1);;PRC_Santiago
213-1;Pudahuel;RM;B;Zona B;"Residencial: vivienda, hospedaje, hogares de acogida; Equipamiento: científico, comercio, culto y cultura, deporte, educación, esparcimiento, seguridad, salud, servicios, social; Espacio Público; Área Verde";;05/02/2021;Decreto 205;uso prohibido no capturado (fusion captura 1);;PRC_Pudahuel
5217-1;San Joaquin;RM;ZE;zona de Equipamiento Exclusivo;"Equipamiento: científico, educación, salud, esparcimiento, culto y cultura, social y seguridad; Áreas Verdes; Espacio Público";Todos los mencionados como permitidos;06/11/2019;Decreto 2838;;San Joaquín;PRC_San_Joaquín
29403;Santiago;RM;A;Zona A;"Residencial; Equipamiento de todo tipo, con excepciones; Actividad productiva, talleres artesanales verl Art. 9 y códigos CIIU N°2; Infraestructura de transporte y sanitaria; Espacio público; Área verde. Mayor detalle en Ordenanza";;27/01/1990;Resolución 26;uso prohibido no capturado (fusion captura 1);;PRC_Santiago
5273-2;Penalolen;RM;R.2;Zona R.2;"Vivienda; Equipamiento, con la excepción de los expresamente excluido; Transporte, con la excepción de los indicados en usos excluidos";"Cementerio, planta y botadero basura, base militar, cuartel, cárcel, zoológico, terminal distribución, garag, taller molesto, motel, discoteca; Terminal rodoviario, agropecuario, pesquero, dep. 3 o más buses; Industria inofensiva, molesta,*";27/07/1989;Decreto 55;Resolución N°77 de fecha 24.12.91/ D.O. 17.02.92;Peñalolen;PRC_Peñalolén
5432-36;Nunoa;RM;Áreas verdes;Áreas verdes;Áreas verdes - espacio público;;27/10/1989;Decreto 129;uso prohibido no capturado (fusion captura 1);;PRC_Ñuñoa
5639-3;Nunoa;RM;Z-2;Z-2;"Residencial: todos; Área verde; Espacio Público; Equipamiento";;27/10/1989;Decreto 129;uso prohibido no capturado (fusion captura 1);;PRC_Ñuñoa
1830-4;San Ramon;RM;Zona 4;Zona 4 Residencial Económica. 200 m2;Residencial, además de instalaciones de artesanías;Todo uso no mencionado como permitido.;22/06/1952;Decreto 1469;;San Ramón;PRC_San_Ramón
2707-21;Puente Alto;RM;H1;H1 Zona de Residencial y Equipamiento;"Residencial; equipamiento de comercio, culto, deporte,  educación, salud, seguridad, servicio, social y oficina; infraestructura de transporte y sanitaria; espacio público y áreas verdes.";"Equipamiento de esparcimiento; actividad productiva; infraestructura energética y de pesca.";25/04/2003;Decreto 423;;Puente Alto;PRC_Puente_Alto
7043-1;La Pintana;RM;PRMS;PRMS;PRMS;PRMS;22/10/1952;Decreto 1459;Comuna regida por el PRMS;La Pintana;PRC_La_Pintana
6687-465;Macul;RM;ZM-4;ZM-4 Zona Residencial Mixta, Densidad Media;"Residencial; equipamiento de comercio, culto, deporte,  educación, esparcimiento, salud, seguridad, servicio, social, oficina, turismo y científico intercomunal; espacio público y áreas verdes.";"Actividad productiva; infraestructura de transporte.";08/05/2004;Decreto 552;;Macul;PRC_Macul
265-2;Santiago;RM;D;Zona D;"Residencial, vivienda y hospedaje; Equipamiento de todo tipo, con excepciones; Actividad productiva, talleres artesanales; Infraestructura de transporte y sanitaria, con excepciones; Espacio público; Área verde. Mayor detalle en Ordenanza";;27/01/1990;Resolución 26;uso prohibido no capturado (fusion captura 1);;PRC_Santiago
3924-10;Quinta Normal;RM;K;Eje preferente de equipamiento, comercio y servicios K;"Residencial: vivienda, hospedaje, hogares; Equipamiento: científico, comercio, culto y cultura, deporte, educación, esparcimiento, salud, seguridad, servicios y social; Espacio público y Área verde.";;24/10/2019;Decreto 1381;uso prohibido no capturado (fusion captura 1);;PRC_Quinta_Normal
759-7;La Florida;RM;U-VEV3;U-VEV3 Zona de Vivienda y Equipamiento Vecinal N°3;"Residencial; equipamiento de comercio, culto, deporte, educación, esparcimiento, salud, seguridad, servicios, social, oficina y turismo; espacio público y áreas verdes.";Todo uso no mencionado como permitido.;17/09/2001;Resolución 47;;La Florida;PRC_La_Florida
6289-1;Penalolen;RM;S.M.1;Zona S.M.1;"Vivienda; Equipamiento, con la excepción de los expresamente excluido; Transporte, con la excepción de los indicados en usos excluidos";"Cementerio, planta y botadero basura, base militar, cuartel, cárcel, zoológico, terminal de distribución, taller molesto; Terminal rodoviario, agropecuario, pesquero, dep. 3 o más buses; Industria inofensivo, molesta, insalubre";27/07/1989;Decreto 55;Resolución N°77 de fecha 24.12.91/ D.O. 17.02.92;Peñalolen;PRC_Peñalolén
5580-4;Penalolen;RM;R.2;Zona R.2;"Vivienda; Equipamiento, con la excepción de los expresamente excluido; Transporte, con la excepción de los indicados en usos excluidos";"Cementerio, planta y botadero basura, base militar, cuartel, cárcel, zoológico, terminal distribución, garag, taller molesto, motel, discoteca; Terminal rodoviario, agropecuario, pesquero, dep. 3 o más buses; Industria inofensiva, molesta,*";27/07/1989;Decreto 55;Resolución N°77 de fecha 24.12.91/ D.O. 17.02.92;Peñalolen;PRC_Peñalolén
3215-35;San Joaquin;RM;ZE;zona de Equipamiento Exclusivo;"Equipamiento: científico, educación, salud, esparcimiento, culto y cultura, social y seguridad; Áreas Verdes; Espacio Público";Todos los mencionados como permitidos;06/11/2019;Decreto 2838;;San Joaquín;PRC_San_Joaquín
3415-1;La Florida;RM;PL;PL Zona de Plazas;Espacio público y áreas verdes.;Todo uso no mencionado como permitido.;17/09/2001;Resolución 47;;La Florida;PRC_La_Florida
9076-7;La Granja;RM;ZAV-2;ZAV-2 Zona de Áreas Verdes Comunales;Espacio público y áreas verdes.;Todo uso no mencionado como permitido.;27/12/2012;Decreto 4039;;La Granja;PRC_La_Granja
905-6;San Joaquin;RM;ZI-m;ZI-m Zona de Industrial Mixta, Densidad Alta;"Residencial; equipamiento de comercio, culto, deporte,  educación, esparcimiento, salud, seguridad, servicio, social, oficina, turismo y científico; actividad productiva inofensiva; espacio público y áreas verdes.";Actividad productiva peligrosa, contaminante y molesta.;08/05/2004;Decreto 552;;Macul;PRC_Macul
3600-31;La Florida;RM;U-VEV3;U-VEV3 Zona de Vivienda y Equipamiento Vecinal N°3;"Residencial; equipamiento de comercio, culto, deporte, educación, esparcimiento, salud, seguridad, servicios, social, oficina, turismo; espacio público y áreas verdes.";Todo uso no mencionado como permitido.;17/09/2001;Resolución 47;;La Florida;PRC_La_Florida
3013-24;La Reina;RM;R.1;Zona R.1;"Vivienda; Equipamiento, con la excepción de los expresamente excluido; Transporte, con la excepción de los indicados en usos excluidos";"Cementerio, botadero basura, base militar, cuartel, cárcel, zoológico, terminal distribución, servicentro, garag, taller molesto, motel, discoteca; Terminal rodoviario, agropecuario, pesquero, dep. 3 o más buses; Industria inofensiva, mole*";27/07/1989;Decreto 55;55 de fecha 28.04.89/ D.O. 27.07.89;Peñalolen;PRC_Peñalolén
1808-143;La Reina;RM;PC-1;PC-1 Zona Polo De Equipamiento: Vicente Pérez Rosales - Simón Bolívar;"Residencial; equipamiento de comercio, culto y cultura, deporte,  educación, esparcimiento,  salud, seguridad, servicio y social; espacio público y áreas verdes. Para mayor detalle revisar ordenanza.";;22/11/2001;Resolución 65;uso prohibido no capturado (fusion captura 1);;PRC_La_Reina
1866-1;Pudahuel;RM;A;Zona A;"Residencial: vivienda, hospedaje, hogares de acogida; Equipamiento: científico, comercio, culto y cultura, deporte, educación, esparcimiento, seguridad, salud, servicios, social; Espacio Público; Área Verde";;05/02/2021;Decreto 205;uso prohibido no capturado (fusion captura 1);;PRC_Pudahuel
3622-25;Lo Prado;RM;ZRP-3;Zona Residencial Preferente 3 pisos;Residencial , equipamiento, espacio público;;31/12/2009;Decreto 2550;uso prohibido no capturado (fusion captura 1);;PRC_Lo_Prado
6623-14;Nunoa;RM;Z-4;Z-4;Residencial, Equipamientos: revisar ordenanza;;27/10/1989;Decreto 129;uso prohibido no capturado (fusion captura 1);;PRC_Ñuñoa
1613-8;Quinta Normal;RM;I;Eje preferente de equipamiento, comercio y servicios I;"Residencial: vivienda, hospedaje, hogares; Equipamiento: científico, comercio, culto y cultura, deporte, educación, esparcimiento, salud, seguridad, servicios y social; Espacio público y Área verde.";;24/10/2019;Decreto 1381;uso prohibido no capturado (fusion captura 1);;PRC_Quinta_Normal
383-6;Pudahuel;RM;B;Zona B;"Residencial: vivienda, hospedaje, hogares de acogida; Equipamiento: científico, comercio, culto y cultura, deporte, educación, esparcimiento, seguridad, salud, servicios, social; Espacio Público; Área Verde";;05/02/2021;Decreto 205;uso prohibido no capturado (fusion captura 1);;PRC_Pudahuel
109-726;Santiago;RM;A;Zona A;"Residencial; Equipamiento de todo tipo, con excepciones; Actividad productiva, talleres artesanales verl Art. 9 y códigos CIIU N°2; Infraestructura de transporte y sanitaria; Espacio público; Área verde. Mayor detalle en Ordenanza";;27/01/1990;Resolución 26;uso prohibido no capturado (fusion captura 1);;PRC_Santiago
4618-15;San Joaquin;RM;ZU2a;Zona Residencial de Densidad Baja A;"Residencial: vivienda, hospedaje, hogares de acogida; Equipamiento: científico, comercio, culto y cultura, deporte, educación, esparcimiento, salud, seguridad, servicios, social; Actividades Productivas; talleres, almacenaje y bodegaje calificados como inofensivos; Espacio Público; Área Verde. El detalle de las actividades permitidas se encuentran en la Ordenanza";"Equipamiento: comercio (algunas actividades), culto y cultura (algunas actividades), deporte (algunas actividades), educación (algunas actividades), esparcimiento (algunas actividades), salud (algunas actividades), seguridad (algunas actividades); Actividades Productivas: industrias, talleres, almacenamiento y bodegaje (molestas, contaminantes o insalubres y peligrosas); Infraestructura. El detal*";06/11/2019;Decreto 2838;;San Joaquín;PRC_San_Joaquín
383-7;Pudahuel;RM;B;Zona B;"Residencial: vivienda, hospedaje, hogares de acogida; Equipamiento: científico, comercio, culto y cultura, deporte, educación, esparcimiento, seguridad, salud, servicios, social; Espacio Público; Área Verde";;05/02/2021;Decreto 205;uso prohibido no capturado (fusion captura 1);;PRC_Pudahuel
57-11;Santiago;RM;B;Zona B;"Residencial, vivienda y hospedaje; Equipamiento de todo tipo, con excepciones indicadas en a.2.1); Actividad productiva; Infraestructura de transporte y sanitaria, con excepciones; Espacio público; Área verde. Mayor detalle en Ordenanza";;27/01/1990;Resolución 26;uso prohibido no capturado (fusion captura 1);;PRC_Santiago
3069-36;Santiago;RM;D;Zona D;"Residencial, vivienda y hospedaje; Equipamiento de todo tipo, con excepciones; Actividad productiva, talleres artesanales; Infraestructura de transporte y sanitaria, con excepciones; Espacio público; Área verde. Mayor detalle en Ordenanza";;27/01/1990;Resolución 26;uso prohibido no capturado (fusion captura 1);;PRC_Santiago
796-56;La Florida;RM;RI-1;RI-1 Zona Terminales Rodoviarios de Locomoción Colectiva Urbana;"Equipamiento de comercio, esparcimiento y servicios; infraestructura.";"Residencial; equipamiento; actividad productiva.";17/09/2001;Resolución 47;;La Florida;PRC_La_Florida
5669-13;Nunoa;RM;Área de restricción;;;;27/10/1989;Decreto 129;uso prohibido no capturado (fusion captura 1);;PRC_Ñuñoa_AP
2376-7;Recoleta;RM;Zona de riesgo con edificación restringida;Zona de riesgo con edificación restringida;Null;;08/01/2005;Resolución 104;uso prohibido no capturado (fusion captura 1);;PRC_Recoleta
2793-14;Santiago;RM;E;Zona E;Zona Típica por lo que se deberá considerar lo señalado en el Art. 27 de la Ordenanza. Para los predios emplazados en la Zona rige el cuadro CUS 1 del Art. 27 y para los predios fuera de ésta, los establecidos en el cuadro CUS 3;;27/01/1990;Resolución 26;uso prohibido no capturado (fusion captura 1);;PRC_Santiago
3763-1;Santiago;RM;D;Zona D;"Residencial, vivienda y hospedaje; Equipamiento de todo tipo, con excepciones; Actividad productiva, talleres artesanales; Infraestructura de transporte y sanitaria, con excepciones; Espacio público; Área verde. Mayor detalle en Ordenanza";;27/01/1990;Resolución 26;uso prohibido no capturado (fusion captura 1);;PRC_Santiago
7188-2;Penalolen;RM;R.2;Zona R.2;"Vivienda; Equipamiento, con la excepción de los expresamente excluido; Transporte, con la excepción de los indicados en usos excluidos";"Cementerio, planta y botadero basura, base militar, cuartel, cárcel, zoológico, terminal distribución, garag, taller molesto, motel, discoteca; Terminal rodoviario, agropecuario, pesquero, dep. 3 o más buses; Industria inofensiva, molesta,*";27/07/1989;Decreto 55;129 de fecha 30.09.2004/ D.O. 03.11.04;Peñalolen;PRC_Peñalolén
1243-13;Renca;RM;RI-2;;;;22/02/2022;Decreto 214;uso prohibido no capturado (fusion captura 1);;PRC_Renca_Zona_de_restricción_linea
4989-12;San Joaquin;RM;AV;Plazas y Parques Existentes;Corresponden a plazas, parques y áreas verdes públicas, en su calidad de bienes nacionales de uso público existentes, las que se rigen por lo dispuesto en la OGUC para el tipo de uso Espacio Público;;06/11/2019;Decreto 2838;;San Joaquín;PRC_San_Joaquín
5461-3;San Bernardo;RM;ZU2;ZU2 Zona de Periferia Centro;"Residencial; equipamiento de comercio, culto, deporte,  educación, esparcimiento, salud, seguridad, servicio y social; actividad productiva inofensiva; infraestructura de transporte; espacio público y áreas verdes.";Todo uso no mencionado como permitido.;13/06/2006;Decreto 3855;;San Bernardo;PRC_San_Bernardo
2437-5;Independencia;RM;A-1;Zona A-1 Residencial Mixta Baja Altura;"Residencial: vivienda; equipamiento: comercio, culto y cultura, deporte, educación, esparcimiento, salud, seguridad, servicios, social; área verde; espacio público. Mayor detalle en ordenanza.";;20/03/2014;Decreto 179;uso prohibido no capturado (fusion captura 1);;PRC_Independencia
1323-25;Quinta Normal;RM;ZCH - 2;Zona de Conservación Histórica El Polígono;Las Normas urbanísticas aplicables a los proyectos localizados en estas zonas serán las correspondientes a la zona donde se emplaza, detalladas en el art. 12 de la ordenanza local.;;24/10/2019;Decreto 1381;uso prohibido no capturado (fusion captura 1);;PRC_Quinta_Normal
6406-54;La Reina;RM;M-4;M-4 Zona de Áreas Verdes de Nivel Comunal;Comprende principalmente plazas y actividades complementarias (kioscos, fuentes, pérgolas, juegos infantiles, etc.), equipamiento cultural y deportivo. Para mayor detalle revisar ordenanza.;;22/11/2001;Resolución 65;uso prohibido no capturado (fusion captura 1);;PRC_La_Reina
80-3;Puente Alto;RM;H2;H2 Zona de Residencial y Equipamiento;"Residencial; equipamiento de comercio, culto, deporte,  educación, salud, seguridad, servicio, social y oficina; infraestructura de transporte y sanitaria; espacio público y áreas verdes.";"Equipamiento de esparcimiento; actividad productiva; infraestructura energética y de pesca.";25/04/2003;Decreto 423;;Puente Alto;PRC_Puente_Alto
6675-3;Conchali;RM;Z2;Z2 Áreas Verdes, Equipamiento Turístico, Recreacional, Deportivo, Cultural y de Esparcimiento y Comercio;"Equipamiento de culto y esparcimiento; espacio público y áreas verdes.";;04/05/2013;Decreto 292;uso prohibido no capturado (fusion captura 1);;PRC_Conchalí
7810-29;Penalolen;RM;R.2;Zona R.2;"Vivienda; Equipamiento, con la excepción de los expresamente excluido; Transporte, con la excepción de los indicados en usos excluidos";"Cementerio, planta y botadero basura, base militar, cuartel, cárcel, zoológico, terminal distribución, garag, taller molesto, motel, discoteca; Terminal rodoviario, agropecuario, pesquero, dep. 3 o más buses; Industria inofensiva, molesta,*";27/07/1989;Decreto 55;129 de fecha 30.09.2004/ D.O. 03.11.04;Peñalolen;PRC_Peñalolén
15626-2;El Bosque;RM;2;2 Sector 2 Área Residencial;"Residencial; equipamiento; actividad peroductiva  como talleres e industria y/o bodega inofensiva .";Todo uso no mencionado como permitido.;18/10/1983;Decreto 110;;El Bosque;PRC_El_Bosque
2530-8;La Granja;RM;ZH-3;ZH-3 Zona Residencial Densidad Baja;"Residencial, equipamiento comercial local, culto, deporte,  educación, salud, seguridad, servicios, social, oficina y científico; infraestructura sanitaria y energética; actividad productiva inofensiva; espacio público y áreas verdes.";"Equipamiento de esparcimiento, turismo y cementerio; actividad productiva peligrosa, molesta y contaminante; infraestructura de transporte.";27/12/2012;Decreto 4039;;La Granja;PRC_La_Granja
5118-2;La Granja;RM;ZAV-2;ZAV-2 Zona de Áreas Verdes Comunales;Espacio público y áreas verdes.;Todo uso no mencionado como permitido.;27/12/2012;Decreto 4039;;La Granja;PRC_La_Granja
5249-1;La Granja;RM;ZAV-2;ZAV-2 Zona de Áreas Verdes Comunales;Espacio público y áreas verdes.;Todo uso no mencionado como permitido.;27/12/2012;Decreto 4039;;La Granja;PRC_La_Granja
710-31;La Reina;RM;PV-4;PV-4 Zona Polo De Equipamiento;"Residencial; equipamiento de comercio, culto y cultura, deporte,  educación, esparcimiento,  salud, seguridad, servicio y social; espacio público y áreas verdes. Para mayor detalle revisar ordenanza.";;22/11/2001;Resolución 65;uso prohibido no capturado (fusion captura 1);;PRC_La_Reina
2838-4;San Joaquin;RM;ZU12;Zona Residencial Mixta de Densidad Alta;"Residencial: vivienda, hospedaje, hogares de acogida; Equipamiento: científico, comercio, culto y cultura, deporte, educación, esparcimiento, salud, seguridad, servicios, social; Actividades Productivas; industria, talleres, almacenaje y bodegaje calificados como inofensivas; Espacio Público; Área Verde. El detalle de las actividades permitidas se encuentran en la Ordenanza";"Residencial: hospedaje (algunas actividades); Equipamiento: comercio, deporte (algunas actividades), educación (algunas actividades), esparcimiento (algunas actividades), salud (algunas actividades), seguridad (algunas actividades); Actividades Productivas: industrias, talleres, almacenamiento y bodegaje calificados como molestas, contaminantes o insalubres y peligrosas; Infraestructura. El detal*";06/11/2019;Decreto 2838;;San Joaquín;PRC_San_Joaquín
3414-19;Quinta Normal;RM;I;Eje preferente de equipamiento, comercio y servicios I;"Residencial: vivienda, hospedaje, hogares; Equipamiento: científico, comercio, culto y cultura, deporte, educación, esparcimiento, salud, seguridad, servicios y social; Espacio público y Área verde.";;24/10/2019;Decreto 1381;uso prohibido no capturado (fusion captura 1);;PRC_Quinta_Normal
3049-45;Independencia;RM;RD-1;Zona RD-1 Áreas Recreacionales y Deportivas de Nivel Metropolitano;"Residencial: vivienda, hospedaje; equipamiento: comercio, culto y cultura, deporte, educación, esparcimiento, salud, seguridad, servicios, social; área verde; espacio público. Para mayor detalle ver ordenanza.";;20/03/2014;Decreto 179;uso prohibido no capturado (fusion captura 1);;PRC_Independencia
1806-1;Pudahuel;RM;A;Zona A;"Residencial: vivienda, hospedaje, hogares de acogida; Equipamiento: científico, comercio, culto y cultura, deporte, educación, esparcimiento, seguridad, salud, servicios, social; Espacio Público; Área Verde";;05/02/2021;Decreto 205;uso prohibido no capturado (fusion captura 1);;PRC_Pudahuel
2001-1;Pudahuel;RM;B;Zona B;"Residencial: vivienda, hospedaje, hogares de acogida; Equipamiento: científico, comercio, culto y cultura, deporte, educación, esparcimiento, seguridad, salud, servicios, social; Espacio Público; Área Verde";;05/02/2021;Decreto 205;uso prohibido no capturado (fusion captura 1);;PRC_Pudahuel
541-34;Renca;RM;HM-1;Zona habitacional mixta 1;"Residencial: vivienda, hogares de acogida, hospedaje; Equipamiento: científico, comercio, culto y cultura, deportes, educación, salud, seguridad, servicios, social; Espacio Público; Áreas verdes.";;22/02/2022;Decreto 214;uso prohibido no capturado (fusion captura 1);;PRC_Renca
90-3;El Bosque;RM;H;Zona H;"Residencial; equipamiento; actividad peroductiva  como talleres e industria y/o bodega inofensiva .";Todo uso no mencionado como permitido.;18/10/1983;Decreto 110;;El Bosque;PRC_El_Bosque
3128-1;La Cisterna;RM;ZU-5;ZU-5 Zona Residencial Baja Densidad;"Residencial, equipamiento comercial, culto, deporte, educación,  salud, seguridad servicio y social intercomunal; espacio público y áreas verde.";"Equipamiento de esparcimiento, científico y turismo; actividad productiva peligrosa, contaminantes y molesta; infraestructura de transporte, sanitaria y energética.";07/08/2004;Decreto 2891;;La Cisterna;PRC_La_Cisterna
1189-1;La Florida;RM;U-VEV4;U-VEV4 Zona de Vivienda y Equipamiento Vecinal N°4;"Residencial; equip. de comercio, culto, deporte, educación, esparcimiento, salud, seguridad, servicios, social, oficina y turismo; act. productiva peligrosa, contaminante y molesta; infr. de transporte; espacio público y áreas verdes.";Todo uso no mencionado como permitido.;17/09/2001;Resolución 47;;La Florida;PRC_La_Florida
2975-9;Recoleta;RM;México Centro;México Centro;"Residencial: vivienda y hospedaje; Equipamiento de todas las clases y escalas establecidas con excepción de los prohibidos; Actividad Prodructiva: Talleres: taller, taller mecánico, industrias, almacenamiento: bodega; Infraestructura: energética; Es*";;08/01/2005;Resolución 104;uso prohibido no capturado (fusion captura 1);;PRC_Recoleta
1869-4;El Bosque;RM;HC;ZONA HC;"Residencial; equipamiento; actividad peroductiva  como talleres e industria y/o bodega inofensiva .";Todo uso no mencionado como permitido.;18/10/1983;Decreto 110;;El Bosque;PRC_El_Bosque
3046-181;La Cisterna;RM;ZU-7A;ZU-7A Zona de Restricción Aérea;"Residencial, equipamiento comercial, culto, deporte, educación, salud, seguridad, servicio y social comunal; actividad productiva inofensiva; espacio público y áreas verde.";"Equipamiento científico y cementerio; infraestructura de transporte, sanitaria y energética; actividad productiva molesta.";07/08/2004;Decreto 2891;;La Cisterna;PRC_La_Cisterna
9108-29;Penalolen;RM;S.M.1;Zona S.M.1;"Vivienda; Equipamiento, con la excepción de los expresamente excluido; Transporte, con la excepción de los indicados en usos excluidos";"Cementerio, planta y botadero basura, base militar, cuartel, cárcel, zoológico, terminal de distribución, taller molesto; Terminal rodoviario, agropecuario, pesquero, dep. 3 o más buses; Industria inofensivo, molesta, insalubre";27/07/1989;Decreto 55;55 de fecha 28.04.89/ D.O. 27.07.89;Peñalolen;PRC_Peñalolén
2522-89;La Cisterna;RM;ZU-6;ZU-6 Zona Industrial Inofensiva;"Residencial; equipamiento comercial, deporte y seguridad comunal, y social; espacio público y áreas verde.";"Equipamiento de culto, educación, esparcimiento, salud, servicios y social; actividad productiva peligrosa y molesta; infraestructura de transporte, sanitaria y energética.";07/08/2004;Decreto 2891;;La Cisterna;PRC_La_Cisterna
478-70;Recoleta;RM;Barrio Bellavista;Barrio Bellavista;"Residencial: vivienda y hospedaje; Equipamiento de todas las clases y escalas establecidas con excepción de las prohibidas; Actividad Prodructiva: Talleres, industrias, almacenaje; Infraestructura: energética. Detalles en Ordenanza.";;08/01/2005;Resolución 104;uso prohibido no capturado (fusion captura 1);;PRC_Recoleta
35-12;Quilicura;RM;H1;Zona H1;"Vivienda; comercio, oficina y equipamiento; taller artesanal inofensivo; área verde; vialidad.";;08/05/1985;Decreto 37;uso prohibido no capturado (fusion captura 1);;PRC_Quilicura
2324-32;Conchali;RM;EP;Espacio Público;Espacio Público;;04/05/2013;Decreto 292;uso prohibido no capturado (fusion captura 1);;PRC_Conchalí
699-288;La Florida;RM;U-VEV3;U-VEV3 Zona de Vivienda y Equipamiento Vecinal N°3;"Residencial; equipamiento de comercio, culto, deporte, educación, esparcimiento, salud, seguridad, servicios, social, oficina, turismo; espacio público y áreas verdes.";Todo uso no mencionado como permitido.;17/09/2001;Resolución 47;;La Florida;PRC_La_Florida
3356-3;Independencia;RM;A-1;Zona A-1 Residencial Mixta Baja Altura;"Residencial: vivienda; equipamiento: comercio, culto y cultura, deporte, educación, esparcimiento, salud, seguridad, servicios, social; área verde; espacio público. Mayor detalle en ordenanza.";;08/01/2005;Resolución 104;uso prohibido no capturado (fusion captura 1);;PRC_Independencia
9714-25;Penalolen;RM;R.2;Zona R.2;"Vivienda; Equipamiento, con la excepción de los expresamente excluido; Transporte, con la excepción de los indicados en usos excluidos";"Cementerio, planta y botadero basura, base militar, cuartel, cárcel, zoológico, terminal distribución, garag, taller molesto, motel, discoteca; Terminal rodoviario, agropecuario, pesquero, dep. 3 o más buses; Industria inofensiva, molesta,*";27/07/1989;Decreto 55;55 de fecha 28.04.89/ D.O. 27.07.89;Peñalolen;PRC_Peñalolén
1303-49;Renca;RM;HM-1;Zona habitacional mixta 1;"Residencial: vivienda, hogares de acogida, hospedaje; Equipamiento: científico, comercio, culto y cultura, deportes, educación, salud, seguridad, servicios, social; Espacio Público; Áreas verdes.";;22/02/2022;Decreto 214;uso prohibido no capturado (fusion captura 1);;PRC_Renca
3019-25;La Florida;RM;U-VEV3;U-VEV3 Zona de Vivienda y Equipamiento Vecinal N°3;"Residencial; equipamiento de comercio, culto, deporte, educación, esparcimiento, salud, seguridad, servicios, social, oficina, turismo; espacio público y áreas verdes.";Todo uso no mencionado como permitido.;17/09/2001;Resolución 47;;La Florida;PRC_La_Florida
157-9;Puente Alto;RM;H2;H2 Zona de Residencial y Equipamiento;"Residencial; equipamiento de comercio, culto, deporte,  educación, salud, seguridad, servicio, social y oficina; infraestructura de transporte y sanitaria; espacio público y áreas verdes.";"Equipamiento de esparcimiento; actividad productiva; infraestructura energética y de pesca.";25/04/2003;Decreto 423;;Puente Alto;PRC_Puente_Alto
2301-33;Puente Alto;RM;H1;H1 Zona de Residencial y Equipamiento;"Residencial; equipamiento de comercio, culto, deporte,  educación, salud, seguridad, servicio, social y oficina; infraestructura de transporte y sanitaria; espacio público y áreas verdes.";"Equipamiento de esparcimiento; actividad productiva; infraestructura energética y de pesca.";25/04/2003;Decreto 423;;Puente Alto;PRC_Puente_Alto
4618-34;San Joaquin;RM;ZU2a;Zona Residencial de Densidad Baja A;"Residencial: vivienda, hospedaje, hogares de acogida; Equipamiento: científico, comercio, culto y cultura, deporte, educación, esparcimiento, salud, seguridad, servicios, social; Actividades Productivas; talleres, almacenaje y bodegaje calificados como inofensivos; Espacio Público; Área Verde. El detalle de las actividades permitidas se encuentran en la Ordenanza";"Equipamiento: comercio (algunas actividades), culto y cultura (algunas actividades), deporte (algunas actividades), educación (algunas actividades), esparcimiento (algunas actividades), salud (algunas actividades), seguridad (algunas actividades); Actividades Productivas: industrias, talleres, almacenamiento y bodegaje (molestas, contaminantes o insalubres y peligrosas); Infraestructura. El detal*";06/11/2019;Decreto 2838;;San Joaquín;PRC_San_Joaquín
14-27;La Cisterna;RM;ZU-4;ZU-4 Zona de Renovación Residencial;"Residencial, equipamiento comercial, culto, deporte, educación,  salud, seguridad comunal; espacio público y áreas verde.";"Equipamiento de esparcimiento, servicios y científico; actividad productiva peligrosa, molesta e inofensiva; infraestructura de transporte, sanitaria y energética.";07/08/2004;Decreto 2891;;La Cisterna;PRC_La_Cisterna
3610-17;La Florida;RM;U-VEV3;U-VEV3 Zona de Vivienda y Equipamiento Vecinal N°3;"Residencial; equipamiento de comercio, culto, deporte, educación, esparcimiento, salud, seguridad, servicios, social, oficina, turismo; espacio público y áreas verdes.";Todo uso no mencionado como permitido.;17/09/2001;Resolución 47;;La Florida;PRC_La_Florida
3263-1;Recoleta;RM;México Centro;México Centro;"Residencial: vivienda y hospedaje; Equipamiento de todas las clases y escalas establecidas con excepción de los prohibidos; Actividad Prodructiva: Talleres: taller, taller mecánico, industrias, almacenamiento: bodega; Infraestructura: energética; Es*";;08/01/2005;Resolución 104;uso prohibido no capturado (fusion captura 1);;PRC_Recoleta
904-19;Renca;RM;RN-1;Áreas de Alto Riesgo Natural por Inundación de Cauces Naturales;Se rige por las disposiciones del artículo 8.2.1.1., punto a.1.1, de la Ordenanza del Plan Regulador Metropolitano de Santiago, está conformada por los terrenos comprendidos entre los deslindes del cauce permanente del río Mapocho y el límite graficado en el Plano PRCR-03. Se identifican como AR-1a aquellas áreas que presentan problemas de inundación recurrente por desborde del río Mapocho. Las normas urbanísticas que aplicarán en esta área, cuando se cumpla con los requisitos que establece el artículo 2.1.17. de la Ordenanza General de Urbanismo y Construcciones, corresponderán a las de las zonas sobre las que se superpone el área de riesgo.;;24/10/2019;Decreto 1381;uso prohibido no capturado (fusion captura 1);;PRC_Renca_Área_de_riesgo
3514-46;Quinta Normal;RM;I;Eje preferente de equipamiento, comercio y servicios I;"Residencial: vivienda, hospedaje, hogares; Equipamiento: científico, comercio, culto y cultura, deporte, educación, esparcimiento, salud, seguridad, servicios y social; Espacio público y Área verde.";;24/10/2019;Decreto 1381;uso prohibido no capturado (fusion captura 1);;PRC_Quinta_Normal
5194-2;Estacion Central;RM;IPD;IPD Zona mixta;Vivienda, equipamiento y bodegas inofensivas;;29/09/1993;Decreto 301;uso prohibido no capturado (fusion captura 1);;PRC_Estacion_Central
4082-2;Recoleta;RM;Áreas verdes;Áreas verdes;Equipamiento intercomunal, comunal y vecinal de: áreas verdes y deporte, culto y cultura, esparcimiento y turismo al aire libre, como usos complementarios al principal de áreas verdes.;;08/01/2005;Resolución 104;uso prohibido no capturado (fusion captura 1);;PRC_Recoleta
1117-15;Colina;RM;;Áreas de Interés Agropecuario Exclusivo;Instalación de agroindustrias que procesen productos frescos.;Todo uso no mencionado como permitido.;;;"Titulo 8: Área restringida o excluida al desarrollo urbano; Capitulo 8.3. Áreas de valor natural y/o de interés silvoagropecuario; Art. 8.3.2. Áreas de Interés Silvoagropecuario; Art. 8.3.2.1. De Interés Agropecuario Exclusivo";-;PRMS_Rural
5510-439;San Bernardo;RM;ZE2;ZE2 Zona de Equipamiento Metropolitano;"Equipamiento de esparcimiento; espacio público y áreas verdes.";Todo uso no mencionado como permitido;13/06/2006;Decreto 3855;;San Bernardo;PRC_San_Bernardo
2434-36;Conchali;RM;EP;Espacio Público;Espacio Público;;04/05/2013;Decreto 292;uso prohibido no capturado (fusion captura 1);;PRC_Conchalí
216-3;Cerrillos;RM;ZRM;Zona residencial mixta;Vivienda, equipamiento, educación y religioso. Comercio, bomberos, carabineros. Usos sociales, talleres, bodegas inofensivas.;En calles menores a 15 mts supermercados, bodegas, carabineros;19/11/2019;Enmienda 202;La comuna se rige por 3 instrumentos de planificación. PRC Maipú 1965, PRC Santiago 1990 y PRMS 1994. Para ver el detalle revisar ordenanzas locales;Cerrillos;PRC_Cerrillos
984-27;Puente Alto;RM;H6;H6 Zona Residencial , Actividades Industriales Inofensivas y Equipamiento;"Residencial; equipamiento de comercio, culto, deporte,  educación, salud, seguridad, servicio, social y oficina; infraestructura de transporte y sanitaria; espacio público y áreas verdes.";"Actividad productiva; infraestructura energética y de pesca.";25/04/2003;Decreto 423;;Puente Alto;PRC_Puente_Alto
435-39;Renca;RM;HM-1;Zona habitacional mixta 1;"Residencial: vivienda, hogares de acogida, hospedaje; Equipamiento: científico, comercio, culto y cultura, deportes, educación, salud, seguridad, servicios, social; Espacio Público; Áreas verdes.";;22/02/2022;Decreto 214;uso prohibido no capturado (fusion captura 1);;PRC_Renca
5011-1;San Joaquin;RM;ZU2a;Zona Residencial de Densidad Baja A;"Residencial: vivienda, hospedaje, hogares de acogida; Equipamiento: científico, comercio, culto y cultura, deporte, educación, esparcimiento, salud, seguridad, servicios, social; Actividades Productivas; talleres, almacenaje y bodegaje calificados como inofensivos; Espacio Público; Área Verde. El detalle de las actividades permitidas se encuentran en la Ordenanza";"Equipamiento: comercio (algunas actividades), culto y cultura (algunas actividades), deporte (algunas actividades), educación (algunas actividades), esparcimiento (algunas actividades), salud (algunas actividades), seguridad (algunas actividades); Actividades Productivas: industrias, talleres, almacenamiento y bodegaje (molestas, contaminantes o insalubres y peligrosas); Infraestructura. El detal*";06/11/2019;Decreto 2838;;San Joaquín;PRC_San_Joaquín
5723-1;El Bosque;RM;H;Zona H;"Residencial; equipamiento; actividad peroductiva  como talleres e industria y/o bodega inofensiva .";Todo uso no mencionado como permitido.;18/10/1983;Decreto 110;;El Bosque;PRC_El_Bosque
163-31;Cerrillos;RM;ZRM;Zona residencial mixta;Vivienda, equipamiento, educación y religioso. Comercio, bomberos, carabineros. Usos sociales, talleres, bodegas inofensivas.;En calles menores a 15 mts supermercados, bodegas, carabineros;19/11/2019;Enmienda 202;La comuna se rige por 3 instrumentos de planificación. PRC Maipú 1965, PRC Santiago 1990 y PRMS 1994. Para ver el detalle revisar ordenanzas locales;Cerrillos;PRC_Cerrillos
54-14;Maipu;RM;ZC-3;ZC-3 Zona de Mixta Comercio y Servicio;"Residencial; equipamiento de comercio, culto, deporte,  educación, esparcimiento, salud, seguridad, servicio, social, oficina, turismo y científico; infraestructura d etransporte; espacio público y áreas verdes.";"Actividad productiva; infraestructura sanitaria y energética.";13/11/2004;Decreto 6383;;Maipú;PRC_Maipú
1338-4;La Florida;RM;Z-AA2;Z-AA2 Zona de Transición A Edificación Aislada Alta;Todos los usos no señalados como prohibidos en el artículo 41, numeral 9, letra B).;Todos los usos señalados como prohibidos en el artículo 41, numeral 9, letra B), específicamente terminales de transporte terrestre, locales de compra-venta y exhibición de automóviles, camiones y similares que se desar*;17/09/2001;Resolución 47;;La Florida;PRC_La_Florida
661-21;Renca;RM;HM-1;Zona habitacional mixta 1;"Residencial: vivienda, hogares de acogida, hospedaje; Equipamiento: científico, comercio, culto y cultura, deportes, educación, salud, seguridad, servicios, social; Espacio Público; Áreas verdes.";;22/02/2022;Decreto 214;uso prohibido no capturado (fusion captura 1);;PRC_Renca
2596-58;Pudahuel;RM;A;Zona A;"Residencial: vivienda, hospedaje, hogares de acogida; Equipamiento: científico, comercio, culto y cultura, deporte, educación, esparcimiento, seguridad, salud, servicios, social; Espacio Público; Área Verde";;05/02/2021;Decreto 205;uso prohibido no capturado (fusion captura 1);;PRC_Pudahuel
3335-15;Lo Prado;RM;ZNE;;;;31/12/2009;Decreto 2550;uso prohibido no capturado (fusion captura 1);;PRC_Lo_Prado_ZNE
698-94;Colina;RM;C1;C1 Zona Actividades Productivas y de Servicios de Carácter Industrial Exclusiva N°1;"Equipamiento; áreas verdes; infraestructura; espacio público; industria inofensiva; centro de acopio exclusivo y/o con separación y clasificación. Mayor detalle en ordenanza.";;26/03/2010;Decreto 629;uso prohibido no capturado (fusion captura 1);;PRC_Colina
1396-1;Renca;RM;HM-1;Zona habitacional mixta 1;"Residencial: vivienda, hogares de acogida, hospedaje; Equipamiento: científico, comercio, culto y cultura, deportes, educación, salud, seguridad, servicios, social; Espacio Público; Áreas verdes.";;22/02/2022;Decreto 214;uso prohibido no capturado (fusion captura 1);;PRC_Renca
607-68;Pudahuel;RM;ZE-8;ZE-8 Zona de Áreas Verdes Comunales y Vecinales;"Equipamiento de comercio y esparcimiento local; espacio público y áreas verdes.";Todo uso no mencionado como permitido.;13/11/2004;Decreto 6383;;Maipú;PRC_Maipú
383-2;Pudahuel;RM;B;Zona B;"Residencial: vivienda, hospedaje, hogares de acogida; Equipamiento: científico, comercio, culto y cultura, deporte, educación, esparcimiento, seguridad, salud, servicios, social; Espacio Público; Área Verde";;05/02/2021;Decreto 205;uso prohibido no capturado (fusion captura 1);;PRC_Pudahuel
516-1;San Bernardo;RM;ZU2;ZU2 Zona de Periferia Centro;"Residencial; equipamiento de comercio, culto, deporte,  educación, esparcimiento, salud, seguridad, servicio y social; actividad productiva inofensiva; infraestructura de transporte; espacio público y áreas verdes.";Todo uso no mencionado como permitido.;13/06/2006;Decreto 3855;;San Bernardo;PRC_San_Bernardo
116-21;Renca;RM;RI-3;;;;22/02/2022;Decreto 214;uso prohibido no capturado (fusion captura 1);;PRC_Renca_Zona_de_restricción
212-3;Pudahuel;RM;B;Zona B;"Residencial: vivienda, hospedaje, hogares de acogida; Equipamiento: científico, comercio, culto y cultura, deporte, educación, esparcimiento, seguridad, salud, servicios, social; Espacio Público; Área Verde";;05/02/2021;Decreto 205;uso prohibido no capturado (fusion captura 1);;PRC_Pudahuel
213-3;Pudahuel;RM;B;Zona B;"Residencial: vivienda, hospedaje, hogares de acogida; Equipamiento: científico, comercio, culto y cultura, deporte, educación, esparcimiento, seguridad, salud, servicios, social; Espacio Público; Área Verde";;05/02/2021;Decreto 205;uso prohibido no capturado (fusion captura 1);;PRC_Pudahuel
212-4;Pudahuel;RM;B;Zona B;"Residencial: vivienda, hospedaje, hogares de acogida; Equipamiento: científico, comercio, culto y cultura, deporte, educación, esparcimiento, seguridad, salud, servicios, social; Espacio Público; Área Verde";;05/02/2021;Decreto 205;uso prohibido no capturado (fusion captura 1);;PRC_Pudahuel
3534-5;San Bernardo;RM;ZU2;ZU2 Zona de Periferia Centro;"Residencial; equipamiento de comercio, culto, deporte,  educación, esparcimiento, salud, seguridad, servicio y social; actividad productiva inofensiva; infraestructura de transporte; espacio público y áreas verdes.";Todo uso no mencionado como permitido.;13/06/2006;Decreto 3855;;San Bernardo;PRC_San_Bernardo
2559-13;Pudahuel;RM;B;Zona B;"Residencial: vivienda, hospedaje, hogares de acogida; Equipamiento: científico, comercio, culto y cultura, deporte, educación, esparcimiento, seguridad, salud, servicios, social; Espacio Público; Área Verde";;05/02/2021;Decreto 205;uso prohibido no capturado (fusion captura 1);;PRC_Pudahuel
4636-1;San Bernardo;RM;ZU4;ZU4 Zona de La Vara;"Residencial; equipamiento de comercio, culto, deporte,  educación, esparcimiento, salud, seguridad, servicio y social; actividad productiva inofensiva; infraestructura de transporte; espacio público y áreas verdes.";Todo uso no mencionado como permitido.;13/06/2006;Decreto 3855;;San Bernardo;PRC_San_Bernardo
12680-1;San Pedro De La Paz;BB;ZH-4;ZH-4 Zona residencial;Residencial. Equipamiento: cientifico, comercio, culto y cultura, deporte, educacion, esparcimiento, salud, seguridad, servicios, social.;Todos los usos de suelo no mencionados como permitidos.;Publicacion PRC San Pedro de la Paz. Decreto Alc. N°310. Fecha de promulgacion 10.03.2011. Fecha de publicacion D.O. 24.03.2011.;;;San Pedro de la Paz;PRC_San_Pedro_de_la_Paz
1590-3;Talcahuano;BB;ZH-8;ZH-8 Zona residencial;Residencial. Equipamiento: cientifico, comercio, culto y cultura, educacion, salud, seguridad, servicios, social. Area verde.;Todos los usos de suelo no mencionados como permitidos;31/01/2006;Decreto 247;;Talcahuano;PRC_Talcahuano
13062-2;San Pedro De La Paz;BB;ZH-5;ZH-5 Zona residencial;Residencial. Equipamiento: cientifico, comercio, culto y cultura, deporte, educacion, esparcimiento, salud, seguridad, servicios, social. Actividades productivas, bodegaje y talleres inofensivos.;Todos los usos de suelo no mencionados como permitidos.;Publicacion PRC San Pedro de la Paz. Decreto Alc. N°310. Fecha de promulgacion 10.03.2011. Fecha de publicacion D.O. 24.03.2011.;;;San Pedro de la Paz;PRC_San_Pedro_de_la_Paz
2752-1;Coronel;BB;;Area Potencialmente Inundable por Anegamiento;;;;;;Coronel;PRC_Coronel_Area_de_riesgo
137-71 Y 137-72;Concepcion;BB;C1;C1 Centro de servicios y equipamiento;Residencial. Equipamiento: cientifico, comercio, culto y cultura, deporte, educacion, esparcimiento, salud, seguridad, servicios, social. Actividades productivas.;Todos los usos de suelo no mencionados como permitidos;Publicacion PRC Concepcion. Decreto Alc. N°148. Fecha promulgacion 05.06.2004. Fecha publicacion D.O. 22.04.2004.;;;Centro metropolitano;PRC_Concepcion
321-145;Concepcion;BB;MC;MC Microcentro;Equipamiento: culto y cultura, educacion, salud, seguridad, servicios, social. Area verde.;Todos los usos de suelo no mencionados como permitidos;Publicacion PRC Concepcion. Decreto Alc. N°148. Fecha promulgacion 05.06.2004. Fecha publicacion D.O. 22.04.2004.;;;Microcentro;PRC_Concepcion
